GPUName,DeviceID
GeForce 6500,PCI\VEN_10DE&DEV_0160
GeForce 205,PCI\VEN_10DE&DEV_0A62
GeForce 210,"PCI\VEN_10DE&DEV_0A23
PCI\VEN_10DE&DEV_0A23&SUBSYS_39181642
PCI\VEN_10DE&DEV_0A65"
GeForce 310,"PCI\VEN_10DE&DEV_0A63
PCI\VEN_10DE&DEV_0A66
PCI\VEN_10DE&DEV_0A66&SUBSYS_18371462
PCI\VEN_10DE&DEV_0A66&SUBSYS_18391462
PCI\VEN_10DE&DEV_0A66&SUBSYS_39581642
PCI\VEN_10DE&DEV_0A66&SUBSYS_39981642"
GeForce 310M,"PCI\VEN_10DE&DEV_0A70&SUBSYS_357F103C
PCI\VEN_10DE&DEV_0A70&SUBSYS_84581043
PCI\VEN_10DE&DEV_0A70&SUBSYS_84591043
PCI\VEN_10DE&DEV_0A75&SUBSYS_079810DE"
GeForce 315,"PCI\VEN_10DE&DEV_0A22
PCI\VEN_10DE&DEV_0A22&SUBSYS_39181642
PCI\VEN_10DE&DEV_0A22&SUBSYS_906C1B0A
PCI\VEN_10DE&DEV_0A22&SUBSYS_906D1B0A
PCI\VEN_10DE&DEV_0A67
PCI\VEN_10DE&DEV_0A67&SUBSYS_90751B0A"
GeForce 405,"PCI\VEN_10DE&DEV_0A26
PCI\VEN_10DE&DEV_0A27
PCI\VEN_10DE&DEV_10C5
PCI\VEN_10DE&DEV_10C5&SUBSYS_183B1462
PCI\VEN_10DE&DEV_10C5&SUBSYS_908E1B0A
PCI\VEN_10DE&DEV_10C5&SUBSYS_90A91B0A"
GeForce 410M,PCI\VEN_10DE&DEV_1054&SUBSYS_05111028
GeForce 510,"PCI\VEN_10DE&DEV_1042
PCI\VEN_10DE&DEV_1042&SUBSYS_1214174B
PCI\VEN_10DE&DEV_1042&SUBSYS_1222174B
PCI\VEN_10DE&DEV_1042&SUBSYS_25941462
PCI\VEN_10DE&DEV_1042&SUBSYS_25951462
PCI\VEN_10DE&DEV_1042&SUBSYS_25961462
PCI\VEN_10DE&DEV_1042&SUBSYS_3A981642
PCI\VEN_10DE&DEV_1042&SUBSYS_3B421642"
GeForce 605,"PCI\VEN_10DE&DEV_1048
PCI\VEN_10DE&DEV_1048&SUBSYS_0605174B
PCI\VEN_10DE&DEV_1048&SUBSYS_10141019
PCI\VEN_10DE&DEV_1048&SUBSYS_25971462
PCI\VEN_10DE&DEV_1048&SUBSYS_25981462
PCI\VEN_10DE&DEV_1048&SUBSYS_25991462
PCI\VEN_10DE&DEV_1048&SUBSYS_3A981642
PCI\VEN_10DE&DEV_1048&SUBSYS_3B421642
PCI\VEN_10DE&DEV_1048&SUBSYS_3C261642
PCI\VEN_10DE&DEV_1048&SUBSYS_A601174B"
GeForce 610,PCI\VEN_10DE&DEV_1058&SUBSYS_2AF1103C
GeForce 6100,PCI\VEN_10DE&DEV_0242
GeForce 6100 nForce 400,PCI\VEN_10DE&DEV_03D2
GeForce 6100 nForce 405,PCI\VEN_10DE&DEV_03D1
GeForce 6100 nForce 420,PCI\VEN_10DE&DEV_03D5
GeForce 6100 nForce 430,PCI\VEN_10DE&DEV_03D0
GeForce 610M,"PCI\VEN_10DE&DEV_0DEA&SUBSYS_04881025
PCI\VEN_10DE&DEV_0DEA&SUBSYS_05051025
PCI\VEN_10DE&DEV_0DEA&SUBSYS_05071025
PCI\VEN_10DE&DEV_0DEA&SUBSYS_05091025
PCI\VEN_10DE&DEV_0DEA&SUBSYS_05121025
PCI\VEN_10DE&DEV_0DEA&SUBSYS_055A1025
PCI\VEN_10DE&DEV_0DEA&SUBSYS_06111025
PCI\VEN_10DE&DEV_0DEA&SUBSYS_0D88105B
PCI\VEN_10DE&DEV_0DEA&SUBSYS_0D9A105B
PCI\VEN_10DE&DEV_0DEA&SUBSYS_FF00105B
PCI\VEN_10DE&DEV_1058&SUBSYS_0C9B16F3
PCI\VEN_10DE&DEV_105A&SUBSYS_04881025
PCI\VEN_10DE&DEV_105A&SUBSYS_05051025
PCI\VEN_10DE&DEV_105A&SUBSYS_05071025
PCI\VEN_10DE&DEV_105A&SUBSYS_05121025
PCI\VEN_10DE&DEV_105A&SUBSYS_055A1025
PCI\VEN_10DE&DEV_105A&SUBSYS_05791028
PCI\VEN_10DE&DEV_105A&SUBSYS_06111025
PCI\VEN_10DE&DEV_105A&SUBSYS_06641025
PCI\VEN_10DE&DEV_105A&SUBSYS_093010DE
PCI\VEN_10DE&DEV_105A&SUBSYS_26611462
PCI\VEN_10DE&DEV_105A&SUBSYS_2AF1103C"
GeForce 615,"PCI\VEN_10DE&DEV_0DEA&SUBSYS_365A17AA
PCI\VEN_10DE&DEV_0DEA&SUBSYS_365B17AA
PCI\VEN_10DE&DEV_0DEA&SUBSYS_365E17AA
PCI\VEN_10DE&DEV_0DEA&SUBSYS_366017AA
PCI\VEN_10DE&DEV_0DEA&SUBSYS_366C17AA"
GeForce 6150,PCI\VEN_10DE&DEV_0240
GeForce 6150 LE,"PCI\VEN_10DE&DEV_0241
PCI\VEN_10DE&DEV_0245"
GeForce 6150SE nForce 430,PCI\VEN_10DE&DEV_03D0
GeForce 6200,"PCI\VEN_10DE&DEV_00F3
PCI\VEN_10DE&DEV_014F
PCI\VEN_10DE&DEV_0221"
GeForce 6200 A-LE,PCI\VEN_10DE&DEV_0222
GeForce 6200 LE,PCI\VEN_10DE&DEV_0163
GeForce 6200 TurboCache,PCI\VEN_10DE&DEV_0161
GeForce 6200SE TurboCache,PCI\VEN_10DE&DEV_0162
GeForce 620M,PCI\VEN_10DE&DEV_1140&SUBSYS_0926152D
GeForce 6250,PCI\VEN_10DE&DEV_0169
GeForce 6500,PCI\VEN_10DE&DEV_0160
GeForce 6600,"PCI\VEN_10DE&DEV_00F2
PCI\VEN_10DE&DEV_0141"
GeForce 6600 GT,"PCI\VEN_10DE&DEV_0140
PCI\VEN_10DE&DEV_00F1"
GeForce 6600 LE,"PCI\VEN_10DE&DEV_00F4
PCI\VEN_10DE&DEV_0142"
GeForce 6600 VE,PCI\VEN_10DE&DEV_0143
GeForce 6610 XL,PCI\VEN_10DE&DEV_0145
GeForce 6700 XL,PCI\VEN_10DE&DEV_0147
GeForce 6800,"PCI\VEN_10DE&DEV_0041
PCI\VEN_10DE&DEV_00C1
PCI\VEN_10DE&DEV_0211"
GeForce 6800 GS,"PCI\VEN_10DE&DEV_0047
PCI\VEN_10DE&DEV_00C0"
GeForce 6800 GS/XT,PCI\VEN_10DE&DEV_00F6
GeForce 6800 GT,"PCI\VEN_10DE&DEV_0045
PCI\VEN_10DE&DEV_0215"
GeForce 6800 LE,"PCI\VEN_10DE&DEV_0042
PCI\VEN_10DE&DEV_00C2
PCI\VEN_10DE&DEV_0212"
GeForce 6800 Series GPU,PCI\VEN_10DE&DEV_00F9
GeForce 6800 Ultra,PCI\VEN_10DE&DEV_0040
GeForce 6800 XE,PCI\VEN_10DE&DEV_0043
GeForce 6800 XT,"PCI\VEN_10DE&DEV_0044
PCI\VEN_10DE&DEV_0048
PCI\VEN_10DE&DEV_00C3
PCI\VEN_10DE&DEV_0218"
GeForce 7025 / NVIDIA nForce 630a,"PCI\VEN_10DE&DEV_03D6
PCI\VEN_10DE&DEV_053E"
GeForce 7050 / NVIDIA nForce 610i,PCI\VEN_10DE&DEV_07E3
GeForce 7050 / NVIDIA nForce 620i,PCI\VEN_10DE&DEV_07E5
GeForce 7050 / NVIDIA nForce 630i,PCI\VEN_10DE&DEV_07E2
GeForce 7050 PV / NVIDIA nForce 630a,"PCI\VEN_10DE&DEV_053A
PCI\VEN_10DE&DEV_053B"
GeForce 705A,"PCI\VEN_10DE&DEV_105B&SUBSYS_2AFB103C
PCI\VEN_10DE&DEV_105B&SUBSYS_309D17AA
PCI\VEN_10DE&DEV_105B&SUBSYS_30F317AA
PCI\VEN_10DE&DEV_1140&SUBSYS_368717AA"
GeForce 705M,"PCI\VEN_10DE&DEV_105B&SUBSYS_90C81B0A
PCI\VEN_10DE&DEV_105B&SUBSYS_90CD1B0A
PCI\VEN_10DE&DEV_105B&SUBSYS_90CE1B0A
PCI\VEN_10DE&DEV_105B&SUBSYS_90D01B0A
PCI\VEN_10DE&DEV_105B&SUBSYS_AA631462
PCI\VEN_10DE&DEV_105B&SUBSYS_AA831462
PCI\VEN_10DE&DEV_105B&SUBSYS_AA861462
PCI\VEN_10DE&DEV_105B&SUBSYS_AC131462
PCI\VEN_10DE&DEV_105B&SUBSYS_AC791462
PCI\VEN_10DE&DEV_105B&SUBSYS_AC7E1462
PCI\VEN_10DE&DEV_105B&SUBSYS_AC931462
PCI\VEN_10DE&DEV_105B&SUBSYS_AC961462
PCI\VEN_10DE&DEV_1140&SUBSYS_365A17AA
PCI\VEN_10DE&DEV_1140&SUBSYS_500517AA
PCI\VEN_10DE&DEV_1140&SUBSYS_503017AA
PCI\VEN_10DE&DEV_1140&SUBSYS_503117AA"
GeForce 7100 / NVIDIA nForce 630i,PCI\VEN_10DE&DEV_07E1
GeForce 7100 GS,PCI\VEN_10DE&DEV_016A
GeForce 710A,"PCI\VEN_10DE&DEV_0FEC&SUBSYS_1802172F
PCI\VEN_10DE&DEV_1295&SUBSYS_2B0D103C
PCI\VEN_10DE&DEV_1295&SUBSYS_2B0F103C
PCI\VEN_10DE&DEV_1295&SUBSYS_367C17AA"
GeForce 710M,"PCI\VEN_10DE&DEV_1140&SUBSYS_06861025
PCI\VEN_10DE&DEV_1140&SUBSYS_06891025
PCI\VEN_10DE&DEV_1140&SUBSYS_068B1025
PCI\VEN_10DE&DEV_1140&SUBSYS_068D1025
PCI\VEN_10DE&DEV_1140&SUBSYS_068E1025
PCI\VEN_10DE&DEV_1140&SUBSYS_06911025
PCI\VEN_10DE&DEV_1140&SUBSYS_07731025
PCI\VEN_10DE&DEV_1140&SUBSYS_07741025
PCI\VEN_10DE&DEV_1140&SUBSYS_077A1025
PCI\VEN_10DE&DEV_1140&SUBSYS_077B1025
PCI\VEN_10DE&DEV_1140&SUBSYS_077C1025
PCI\VEN_10DE&DEV_1140&SUBSYS_077D1025
PCI\VEN_10DE&DEV_1140&SUBSYS_077E1025
PCI\VEN_10DE&DEV_1140&SUBSYS_077F1025
PCI\VEN_10DE&DEV_1140&SUBSYS_08411025
PCI\VEN_10DE&DEV_1295"
GeForce 7150 / NVIDIA nForce 630i,PCI\VEN_10DE&DEV_07E0
GeForce 720A,PCI\VEN_10DE&DEV_1140&SUBSYS_30B717AA
GeForce 720M,"PCI\VEN_10DE&DEV_1140&SUBSYS_AA331462
PCI\VEN_10DE&DEV_1140&SUBSYS_AE611462"
GeForce 7300 GS,PCI\VEN_10DE&DEV_01DF
GeForce 7300 GT,"PCI\VEN_10DE&DEV_02E2
PCI\VEN_10DE&DEV_0393
PCI\VEN_10DE&DEV_0395"
GeForce 7300 LE,PCI\VEN_10DE&DEV_01D1
GeForce 7300 SE,PCI\VEN_10DE&DEV_01D3
GeForce 7300 SE/7200 GS,PCI\VEN_10DE&DEV_01D3
GeForce 730A,PCI\VEN_10DE&DEV_1290&SUBSYS_2AFA103C
GeForce 7350 LE,PCI\VEN_10DE&DEV_01D0
GeForce 7500 LE,PCI\VEN_10DE&DEV_01DD
GeForce 7600 GS,"PCI\VEN_10DE&DEV_02E1
PCI\VEN_10DE&DEV_0392"
GeForce 7600 GT,"PCI\VEN_10DE&DEV_02E0
PCI\VEN_10DE&DEV_0391"
GeForce 7600 LE,PCI\VEN_10DE&DEV_0394
GeForce 7650 GS,PCI\VEN_10DE&DEV_0390
GeForce 7800 GS,PCI\VEN_10DE&DEV_00F5
GeForce 7800 GT,PCI\VEN_10DE&DEV_0092
GeForce 7800 GTX,"PCI\VEN_10DE&DEV_0090
PCI\VEN_10DE&DEV_0091"
GeForce 7800 SLI,PCI\VEN_10DE&DEV_0095
GeForce 7900 GS,PCI\VEN_10DE&DEV_0292
GeForce 7900 GT/GTO,PCI\VEN_10DE&DEV_0291
GeForce 7900 GTX,PCI\VEN_10DE&DEV_0290
GeForce 7950 GT,PCI\VEN_10DE&DEV_0295
GeForce 7950 GX2,"PCI\VEN_10DE&DEV_0293
PCI\VEN_10DE&DEV_0294"
GeForce 800A,"PCI\VEN_10DE&DEV_1058&SUBSYS_368217AA
PCI\VEN_10DE&DEV_1058&SUBSYS_368717AA
PCI\VEN_10DE&DEV_1058&SUBSYS_369517AA
PCI\VEN_10DE&DEV_1058&SUBSYS_36A817AA
PCI\VEN_10DE&DEV_1058&SUBSYS_36AC17AA
PCI\VEN_10DE&DEV_1058&SUBSYS_36AD17AA
PCI\VEN_10DE&DEV_105B&SUBSYS_30B117AA
PCI\VEN_10DE&DEV_105B&SUBSYS_36A117AA"
GeForce 800M,"PCI\VEN_10DE&DEV_1140&SUBSYS_365E17AA
PCI\VEN_10DE&DEV_1140&SUBSYS_366C17AA
PCI\VEN_10DE&DEV_1140&SUBSYS_368517AA
PCI\VEN_10DE&DEV_1140&SUBSYS_368617AA"
GeForce 805A,PCI\VEN_10DE&DEV_1295&SUBSYS_367A17AA
GeForce 8100 / nForce 720a,PCI\VEN_10DE&DEV_084F
GeForce 810A,"PCI\VEN_10DE&DEV_1295&SUBSYS_2B20103C
PCI\VEN_10DE&DEV_1295&SUBSYS_2B21103C"
GeForce 810M,"PCI\VEN_10DE&DEV_1140&SUBSYS_08691025
PCI\VEN_10DE&DEV_1140&SUBSYS_092E1025"
GeForce 8200,PCI\VEN_10DE&DEV_0849
GeForce 8200M G,"PCI\VEN_10DE&DEV_0845
PCI\VEN_10DE&DEV_0845&SUBSYS_360A103C
PCI\VEN_10DE&DEV_0845&SUBSYS_67201462"
GeForce 820A,"PCI\VEN_10DE&DEV_1140&SUBSYS_30B417AA
PCI\VEN_10DE&DEV_1140&SUBSYS_30E417AA
PCI\VEN_10DE&DEV_1140&SUBSYS_361B17AA
PCI\VEN_10DE&DEV_1140&SUBSYS_361C17AA
PCI\VEN_10DE&DEV_1140&SUBSYS_361D17AA
PCI\VEN_10DE&DEV_1140&SUBSYS_366117AA
PCI\VEN_10DE&DEV_1140&SUBSYS_369617AA
PCI\VEN_10DE&DEV_1140&SUBSYS_369B17AA
PCI\VEN_10DE&DEV_1140&SUBSYS_369C17AA
PCI\VEN_10DE&DEV_1140&SUBSYS_369D17AA
PCI\VEN_10DE&DEV_1140&SUBSYS_369E17AA
PCI\VEN_10DE&DEV_1140&SUBSYS_36A617AA
PCI\VEN_10DE&DEV_1140&SUBSYS_36A717AA
PCI\VEN_10DE&DEV_1140&SUBSYS_36A917AA
PCI\VEN_10DE&DEV_1140&SUBSYS_36AF17AA
PCI\VEN_10DE&DEV_1140&SUBSYS_36B017AA
PCI\VEN_10DE&DEV_1140&SUBSYS_36B617AA"
GeForce 820M,"PCI\VEN_10DE&DEV_1140&SUBSYS_08211025
PCI\VEN_10DE&DEV_1140&SUBSYS_083E1025
PCI\VEN_10DE&DEV_1140&SUBSYS_08531025
PCI\VEN_10DE&DEV_1140&SUBSYS_08541025
PCI\VEN_10DE&DEV_1140&SUBSYS_08551025
PCI\VEN_10DE&DEV_1140&SUBSYS_08561025
PCI\VEN_10DE&DEV_1140&SUBSYS_08571025
PCI\VEN_10DE&DEV_1140&SUBSYS_08581025
PCI\VEN_10DE&DEV_1140&SUBSYS_08631025
PCI\VEN_10DE&DEV_1140&SUBSYS_08681025
PCI\VEN_10DE&DEV_1140&SUBSYS_08731025
PCI\VEN_10DE&DEV_1140&SUBSYS_08781025
PCI\VEN_10DE&DEV_1140&SUBSYS_087B1025
PCI\VEN_10DE&DEV_1140&SUBSYS_087F1025
PCI\VEN_10DE&DEV_1140&SUBSYS_08811025
PCI\VEN_10DE&DEV_1140&SUBSYS_08851025
PCI\VEN_10DE&DEV_1140&SUBSYS_088A1025
PCI\VEN_10DE&DEV_1140&SUBSYS_089B1025
PCI\VEN_10DE&DEV_1140&SUBSYS_09211025
PCI\VEN_10DE&DEV_1140&SUBSYS_092F1025
PCI\VEN_10DE&DEV_1140&SUBSYS_09321025
PCI\VEN_10DE&DEV_1140&SUBSYS_093A1025
PCI\VEN_10DE&DEV_1140&SUBSYS_093C1025
PCI\VEN_10DE&DEV_1140&SUBSYS_093F1025
PCI\VEN_10DE&DEV_1140&SUBSYS_09411025
PCI\VEN_10DE&DEV_1140&SUBSYS_09451025
PCI\VEN_10DE&DEV_1140&SUBSYS_09541025
PCI\VEN_10DE&DEV_1140&SUBSYS_09651025"
GeForce 825M,"PCI\VEN_10DE&DEV_1296&SUBSYS_21091B0A
PCI\VEN_10DE&DEV_1296&SUBSYS_22221B0A
PCI\VEN_10DE&DEV_1296&SUBSYS_C737144D"
GeForce 8300,PCI\VEN_10DE&DEV_0848
GeForce 8300 GS,"PCI\VEN_10DE&DEV_0406
PCI\VEN_10DE&DEV_0423"
GeForce 830A,PCI\VEN_10DE&DEV_1340&SUBSYS_2B2B103C
GeForce 830M,"PCI\VEN_10DE&DEV_1340&SUBSYS_02142014
PCI\VEN_10DE&DEV_1340&SUBSYS_062B1028
PCI\VEN_10DE&DEV_1340&SUBSYS_062C1028
PCI\VEN_10DE&DEV_1340&SUBSYS_06311028
PCI\VEN_10DE&DEV_1340&SUBSYS_06321028
PCI\VEN_10DE&DEV_1340&SUBSYS_06451028
PCI\VEN_10DE&DEV_1340&SUBSYS_06461028
PCI\VEN_10DE&DEV_1340&SUBSYS_069A1028
PCI\VEN_10DE&DEV_1340&SUBSYS_22451B0A
PCI\VEN_10DE&DEV_1340&SUBSYS_22491B0A
PCI\VEN_10DE&DEV_1340&SUBSYS_22501B0A
PCI\VEN_10DE&DEV_1340&SUBSYS_22531B0A
PCI\VEN_10DE&DEV_1340&SUBSYS_2280103C
PCI\VEN_10DE&DEV_1340&SUBSYS_2281103C
PCI\VEN_10DE&DEV_1340&SUBSYS_2282103C
PCI\VEN_10DE&DEV_1340&SUBSYS_2295103C
PCI\VEN_10DE&DEV_1340&SUBSYS_2296103C
PCI\VEN_10DE&DEV_1340&SUBSYS_2297103C
PCI\VEN_10DE&DEV_1340&SUBSYS_2339103C
PCI\VEN_10DE&DEV_1340&SUBSYS_233A103C
PCI\VEN_10DE&DEV_1340&SUBSYS_233B103C
PCI\VEN_10DE&DEV_1340&SUBSYS_90D81B0A
PCI\VEN_10DE&DEV_1340&SUBSYS_90DD1B0A"
GeForce 8400,"PCI\VEN_10DE&DEV_06E2
PCI\VEN_10DE&DEV_06E2&SUBSYS_34671458
PCI\VEN_10DE&DEV_06E2&SUBSYS_34781458
PCI\VEN_10DE&DEV_06E2&SUBSYS_37761642"
GeForce 8400 GS,"PCI\VEN_10DE&DEV_0404
PCI\VEN_10DE&DEV_0422
PCI\VEN_10DE&DEV_0424
PCI\VEN_10DE&DEV_06E4
PCI\VEN_10DE&DEV_10C3"
GeForce 8400 SE,"PCI\VEN_10DE&DEV_0420
PCI\VEN_10DE&DEV_06E3"
GeForce 8400M G,"PCI\VEN_10DE&DEV_0428
PCI\VEN_10DE&DEV_0428&SUBSYS_011D1025
PCI\VEN_10DE&DEV_0428&SUBSYS_011E1025"
GeForce 840A,"PCI\VEN_10DE&DEV_1341&SUBSYS_369717AA
PCI\VEN_10DE&DEV_1341&SUBSYS_369917AA
PCI\VEN_10DE&DEV_1341&SUBSYS_369C17AA"
GeForce 840M,"PCI\VEN_10DE&DEV_1341
PCI\VEN_10DE&DEV_1341&SUBSYS_08631025
PCI\VEN_10DE&DEV_1341&SUBSYS_08671025
PCI\VEN_10DE&DEV_1341&SUBSYS_08721025
PCI\VEN_10DE&DEV_1341&SUBSYS_08771025
PCI\VEN_10DE&DEV_1341&SUBSYS_087A1025
PCI\VEN_10DE&DEV_1341&SUBSYS_08821025
PCI\VEN_10DE&DEV_1341&SUBSYS_08861025
PCI\VEN_10DE&DEV_1341&SUBSYS_091C1025
PCI\VEN_10DE&DEV_1341&SUBSYS_091D1025
PCI\VEN_10DE&DEV_1341&SUBSYS_09221025
PCI\VEN_10DE&DEV_1341&SUBSYS_09251025
PCI\VEN_10DE&DEV_1341&SUBSYS_09421025
PCI\VEN_10DE&DEV_1341&SUBSYS_09481025
PCI\VEN_10DE&DEV_1341&SUBSYS_09631025
PCI\VEN_10DE&DEV_1341&SUBSYS_09661025
PCI\VEN_10DE&DEV_1341&SUBSYS_09911025
PCI\VEN_10DE&DEV_1341&SUBSYS_101F1025"
GeForce 845M,"PCI\VEN_10DE&DEV_1344&SUBSYS_06921028
PCI\VEN_10DE&DEV_1398&SUBSYS_177D1043"
GeForce 8500 GT,PCI\VEN_10DE&DEV_0421
GeForce 8600 GS,PCI\VEN_10DE&DEV_0403
GeForce 8600 GT,"PCI\VEN_10DE&DEV_0401
PCI\VEN_10DE&DEV_0402
PCI\VEN_10DE&DEV_0402&SUBSYS_034D1043
PCI\VEN_10DE&DEV_0402&SUBSYS_034E1043"
GeForce 8600 GTS,PCI\VEN_10DE&DEV_0400
GeForce 8800 GS,PCI\VEN_10DE&DEV_0606
GeForce 8800 GT,"PCI\VEN_10DE&DEV_0602
PCI\VEN_10DE&DEV_0611
PCI\VEN_10DE&DEV_0611&SUBSYS_053C10DE"
GeForce 8800 GTS,"PCI\VEN_10DE&DEV_0193
PCI\VEN_10DE&DEV_0193&SUBSYS_042010DE
PCI\VEN_10DE&DEV_0193&SUBSYS_042110DE"
GeForce 8800 GTS 512,PCI\VEN_10DE&DEV_0600
GeForce 8800 GTX,"PCI\VEN_10DE&DEV_0191
PCI\VEN_10DE&DEV_0191&SUBSYS_039C10DE"
GeForce 8800 Ultra,PCI\VEN_10DE&DEV_0194
GeForce 8800M GTS,"PCI\VEN_10DE&DEV_0609&SUBSYS_01211170
PCI\VEN_10DE&DEV_0609&SUBSYS_019B1028
PCI\VEN_10DE&DEV_0609&SUBSYS_0690107B
PCI\VEN_10DE&DEV_0609&SUBSYS_0770152D
PCI\VEN_10DE&DEV_0609&SUBSYS_30D4103C"
GeForce 9100,PCI\VEN_10DE&DEV_0847
GeForce 9100M G,"PCI\VEN_10DE&DEV_0844&SUBSYS_014A1025
PCI\VEN_10DE&DEV_0844&SUBSYS_014D1025
PCI\VEN_10DE&DEV_0844&SUBSYS_0173107B
PCI\VEN_10DE&DEV_0844&SUBSYS_208C17C0
PCI\VEN_10DE&DEV_0844&SUBSYS_208F17C0
PCI\VEN_10DE&DEV_0844&SUBSYS_360A103C
PCI\VEN_10DE&DEV_0844&SUBSYS_408F17C0
PCI\VEN_10DE&DEV_0844&SUBSYS_65201462
PCI\VEN_10DE&DEV_0844&SUBSYS_67101462
PCI\VEN_10DE&DEV_0844&SUBSYS_67201462
PCI\VEN_10DE&DEV_0844&SUBSYS_CB8410DE
PCI\VEN_10DE&DEV_086E&SUBSYS_05771558
PCI\VEN_10DE&DEV_086E&SUBSYS_16E21043
PCI\VEN_10DE&DEV_086E&SUBSYS_40061B0A
PCI\VEN_10DE&DEV_086E&SUBSYS_76211462
PCI\VEN_10DE&DEV_086E&SUBSYS_90701071
PCI\VEN_10DE&DEV_086E&SUBSYS_90721071
PCI\VEN_10DE&DEV_086E&SUBSYS_B051144D
PCI\VEN_10DE&DEV_086E&SUBSYS_FF001179"
GeForce 910M,"PCI\VEN_10DE&DEV_129A&SUBSYS_099E1025
PCI\VEN_10DE&DEV_129A&SUBSYS_10141025
PCI\VEN_10DE&DEV_129A&SUBSYS_10151025"
GeForce 9200,"PCI\VEN_10DE&DEV_0846
PCI\VEN_10DE&DEV_084B
PCI\VEN_10DE&DEV_086D
PCI\VEN_10DE&DEV_0871"
GeForce 920A,"PCI\VEN_10DE&DEV_1299&SUBSYS_30BB17AA
PCI\VEN_10DE&DEV_1299&SUBSYS_30DA17AA
PCI\VEN_10DE&DEV_1299&SUBSYS_30DC17AA
PCI\VEN_10DE&DEV_1299&SUBSYS_30DD17AA
PCI\VEN_10DE&DEV_1299&SUBSYS_30DF17AA
PCI\VEN_10DE&DEV_1299&SUBSYS_311717AA
PCI\VEN_10DE&DEV_1299&SUBSYS_361B17AA
PCI\VEN_10DE&DEV_1299&SUBSYS_362D17AA
PCI\VEN_10DE&DEV_1299&SUBSYS_362E17AA
PCI\VEN_10DE&DEV_1299&SUBSYS_363017AA
PCI\VEN_10DE&DEV_1299&SUBSYS_363717AA
PCI\VEN_10DE&DEV_1299&SUBSYS_369B17AA
PCI\VEN_10DE&DEV_1299&SUBSYS_36A717AA
PCI\VEN_10DE&DEV_1299&SUBSYS_36AF17AA
PCI\VEN_10DE&DEV_1299&SUBSYS_36F017AA"
GeForce 920M,"PCI\VEN_10DE&DEV_1299&SUBSYS_093C1025
PCI\VEN_10DE&DEV_1299&SUBSYS_09451025
PCI\VEN_10DE&DEV_1299&SUBSYS_096B1025
PCI\VEN_10DE&DEV_1299&SUBSYS_09711025
PCI\VEN_10DE&DEV_1299&SUBSYS_09741025
PCI\VEN_10DE&DEV_1299&SUBSYS_09771025
PCI\VEN_10DE&DEV_1299&SUBSYS_09851025
PCI\VEN_10DE&DEV_1299&SUBSYS_09881025
PCI\VEN_10DE&DEV_1299&SUBSYS_098B1025
PCI\VEN_10DE&DEV_1299&SUBSYS_098F1025
PCI\VEN_10DE&DEV_1299&SUBSYS_09921025
PCI\VEN_10DE&DEV_1299&SUBSYS_099A1025
PCI\VEN_10DE&DEV_1299&SUBSYS_099F1025
PCI\VEN_10DE&DEV_1299&SUBSYS_100D1025
PCI\VEN_10DE&DEV_1299&SUBSYS_101A1025
PCI\VEN_10DE&DEV_1299&SUBSYS_10251025
PCI\VEN_10DE&DEV_1299&SUBSYS_10351025
PCI\VEN_10DE&DEV_1299&SUBSYS_103E1025
PCI\VEN_10DE&DEV_1299&SUBSYS_10401025
PCI\VEN_10DE&DEV_1299&SUBSYS_10421025
PCI\VEN_10DE&DEV_1299&SUBSYS_10451025
PCI\VEN_10DE&DEV_1299&SUBSYS_107F1025"
GeForce 920MX,"PCI\VEN_10DE&DEV_134F&SUBSYS_11221025
PCI\VEN_10DE&DEV_134F&SUBSYS_11231025
PCI\VEN_10DE&DEV_134F&SUBSYS_114A1025
PCI\VEN_10DE&DEV_134F&SUBSYS_114C1025
PCI\VEN_10DE&DEV_134F&SUBSYS_11581025"
GeForce 9300,"PCI\VEN_10DE&DEV_0864
PCI\VEN_10DE&DEV_0864&SUBSYS_2A7C103C"
GeForce 9300 / nForce 730i,PCI\VEN_10DE&DEV_086C
GeForce 9300 GE,"PCI\VEN_10DE&DEV_06E0
PCI\VEN_10DE&DEV_06E0&SUBSYS_34831458
PCI\VEN_10DE&DEV_06E0&SUBSYS_34841458"
GeForce 9300 GS,"PCI\VEN_10DE&DEV_06E1
PCI\VEN_10DE&DEV_06E1&SUBSYS_34831458
PCI\VEN_10DE&DEV_06E1&SUBSYS_34841458
PCI\VEN_10DE&DEV_06E1&SUBSYS_37761642
PCI\VEN_10DE&DEV_10C0"
GeForce 9300 SE,PCI\VEN_10DE&DEV_06E7
GeForce 9300M GS,"PCI\VEN_10DE&DEV_06E9
PCI\VEN_10DE&DEV_06E9&SUBSYS_05101043
PCI\VEN_10DE&DEV_06E9&SUBSYS_90101B0A
PCI\VEN_10DE&DEV_06E9&SUBSYS_90331B0A"
GeForce 930A,"PCI\VEN_10DE&DEV_1346&SUBSYS_30BA17AA 
PCI\VEN_10DE&DEV_1346&SUBSYS_362C17AA 
PCI\VEN_10DE&DEV_1346&SUBSYS_362F17AA 
PCI\VEN_10DE&DEV_1346&SUBSYS_363617AA 
PCI\VEN_10DE&DEV_1349&SUBSYS_312417AA 
PCI\VEN_10DE&DEV_1349&SUBSYS_364B17AA 
PCI\VEN_10DE&DEV_1349&SUBSYS_36C317AA 
PCI\VEN_10DE&DEV_1349&SUBSYS_36D117AA 
PCI\VEN_10DE&DEV_1349&SUBSYS_36D817AA"
GeForce 930M,"PCI\VEN_10DE&DEV_1346&SUBSYS_869D1043
PCI\VEN_10DE&DEV_1346&SUBSYS_9E5417AA
PCI\VEN_10DE&DEV_1346&SUBSYS_ACB51462
PCI\VEN_10DE&DEV_1346&SUBSYS_AE681462"
GeForce 930MX,"PCI\VEN_10DE&DEV_134E&SUBSYS_822F103C
PCI\VEN_10DE&DEV_134E&SUBSYS_8232103C
PCI\VEN_10DE&DEV_134E&SUBSYS_8235103C
PCI\VEN_10DE&DEV_134E&SUBSYS_8380103C
PCI\VEN_10DE&DEV_134E&SUBSYS_83A0103C
PCI\VEN_10DE&DEV_134E&SUBSYS_83A1103C"
GeForce 9400,"PCI\VEN_10DE&DEV_0860
PCI\VEN_10DE&DEV_0860&SUBSYS_2A8D103C
PCI\VEN_10DE&DEV_0860&SUBSYS_2AA1103C
PCI\VEN_10DE&DEV_0861
PCI\VEN_10DE&DEV_086A
PCI\VEN_10DE&DEV_087A"
GeForce 9400 GT,"PCI\VEN_10DE&DEV_042C
PCI\VEN_10DE&DEV_0641
PCI\VEN_10DE&DEV_065B"
GeForce 940A,"PCI\VEN_10DE&DEV_1347&SUBSYS_36B917AA
PCI\VEN_10DE&DEV_1347&SUBSYS_36BA17AA"
GeForce 940M,"PCI\VEN_10DE&DEV_1347&SUBSYS_091B1025
PCI\VEN_10DE&DEV_1347&SUBSYS_091C1025
PCI\VEN_10DE&DEV_1347&SUBSYS_091D1025
PCI\VEN_10DE&DEV_1347&SUBSYS_09631025
PCI\VEN_10DE&DEV_1347&SUBSYS_096D1025
PCI\VEN_10DE&DEV_1347&SUBSYS_09711025
PCI\VEN_10DE&DEV_1347&SUBSYS_09741025
PCI\VEN_10DE&DEV_1347&SUBSYS_09761025
PCI\VEN_10DE&DEV_1347&SUBSYS_097A1025
PCI\VEN_10DE&DEV_1347&SUBSYS_09851025
PCI\VEN_10DE&DEV_1347&SUBSYS_09891025
PCI\VEN_10DE&DEV_1347&SUBSYS_098C1025
PCI\VEN_10DE&DEV_1347&SUBSYS_09931025
PCI\VEN_10DE&DEV_1347&SUBSYS_09991025
PCI\VEN_10DE&DEV_1347&SUBSYS_10081025
PCI\VEN_10DE&DEV_1347&SUBSYS_100D1025
PCI\VEN_10DE&DEV_1347&SUBSYS_101A1025
PCI\VEN_10DE&DEV_1347&SUBSYS_10251025
PCI\VEN_10DE&DEV_1347&SUBSYS_10271025
PCI\VEN_10DE&DEV_1347&SUBSYS_102D1025
PCI\VEN_10DE&DEV_1347&SUBSYS_102F1025
PCI\VEN_10DE&DEV_1347&SUBSYS_10311025
PCI\VEN_10DE&DEV_1347&SUBSYS_10351025
PCI\VEN_10DE&DEV_1347&SUBSYS_103E1025
PCI\VEN_10DE&DEV_1347&SUBSYS_10401025
PCI\VEN_10DE&DEV_1347&SUBSYS_10421025
PCI\VEN_10DE&DEV_1347&SUBSYS_10461025
PCI\VEN_10DE&DEV_1347&SUBSYS_10521025
PCI\VEN_10DE&DEV_1347&SUBSYS_105C1025
PCI\VEN_10DE&DEV_1347&SUBSYS_105D1025
PCI\VEN_10DE&DEV_1347&SUBSYS_10631025
PCI\VEN_10DE&DEV_1347&SUBSYS_10771025
PCI\VEN_10DE&DEV_1347&SUBSYS_107F1025
PCI\VEN_10DE&DEV_1347&SUBSYS_11031025
PCI\VEN_10DE&DEV_1347&SUBSYS_11731025
PCI\VEN_10DE&DEV_1347&SUBSYS_11741025
PCI\VEN_10DE&DEV_1347&SUBSYS_117C1025
PCI\VEN_10DE&DEV_1347&SUBSYS_117E1025"
GeForce 940MX,"PCI\VEN_10DE&DEV_134D&SUBSYS_10811025
PCI\VEN_10DE&DEV_134D&SUBSYS_10831025
PCI\VEN_10DE&DEV_134D&SUBSYS_11891025
PCI\VEN_10DE&DEV_134D&SUBSYS_108F1025
PCI\VEN_10DE&DEV_134D&SUBSYS_10941025
PCI\VEN_10DE&DEV_134D&SUBSYS_110F1025
PCI\VEN_10DE&DEV_134D&SUBSYS_111A1025
PCI\VEN_10DE&DEV_134D&SUBSYS_111B1025
PCI\VEN_10DE&DEV_134D&SUBSYS_11231025
PCI\VEN_10DE&DEV_134D&SUBSYS_112E1025
PCI\VEN_10DE&DEV_134D&SUBSYS_11331025
PCI\VEN_10DE&DEV_134D&SUBSYS_11341025
PCI\VEN_10DE&DEV_134D&SUBSYS_113C1025
PCI\VEN_10DE&DEV_134D&SUBSYS_113E1025
PCI\VEN_10DE&DEV_134D&SUBSYS_114A1025
PCI\VEN_10DE&DEV_134D&SUBSYS_114C1025
PCI\VEN_10DE&DEV_134D&SUBSYS_11581025
PCI\VEN_10DE&DEV_134D&SUBSYS_11681025
PCI\VEN_10DE&DEV_134D&SUBSYS_116A1025
PCI\VEN_10DE&DEV_134D&SUBSYS_117C1025
PCI\VEN_10DE&DEV_134D&SUBSYS_117E1025
PCI\VEN_10DE&DEV_134D&SUBSYS_119A1025
PCI\VEN_10DE&DEV_134D&SUBSYS_12181025
PCI\VEN_10DE&DEV_134D&SUBSYS_121A1025
PCI\VEN_10DE&DEV_134D&SUBSYS_121F1025
PCI\VEN_10DE&DEV_134D&SUBSYS_12201025
PCI\VEN_10DE&DEV_134D&SUBSYS_122F1025
PCI\VEN_10DE&DEV_134D&SUBSYS_12501025
PCI\VEN_10DE&DEV_134D&SUBSYS_12521025
PCI\VEN_10DE&DEV_179C&SUBSYS_108F1025
PCI\VEN_10DE&DEV_179C&SUBSYS_10941025
PCI\VEN_10DE&DEV_179C&SUBSYS_110F1025
PCI\VEN_10DE&DEV_179C&SUBSYS_111A1025
PCI\VEN_10DE&DEV_179C&SUBSYS_111B1025
PCI\VEN_10DE&DEV_179C&SUBSYS_11331025
PCI\VEN_10DE&DEV_179C&SUBSYS_11341025"
GeForce 945A,PCI\VEN_10DE&DEV_1348&SUBSYS_2B5C103C
GeForce 945M,"PCI\VEN_10DE&DEV_1399&SUBSYS_10371025
PCI\VEN_10DE&DEV_1399&SUBSYS_103A1025
PCI\VEN_10DE&DEV_1399&SUBSYS_103B1025"
GeForce 9500 GS,"PCI\VEN_10DE&DEV_0644
PCI\VEN_10DE&DEV_0644&SUBSYS_13301462
PCI\VEN_10DE&DEV_0645
PCI\VEN_10DE&DEV_0645&SUBSYS_900C1B0A"
GeForce 9500 GT,"PCI\VEN_10DE&DEV_0640
PCI\VEN_10DE&DEV_0640&SUBSYS_37961642
PCI\VEN_10DE&DEV_0643"
GeForce 9600 GS,"PCI\VEN_10DE&DEV_0623
PCI\VEN_10DE&DEV_0623&SUBSYS_90151B0A"
GeForce 9600 GSO,"PCI\VEN_10DE&DEV_0610
PCI\VEN_10DE&DEV_0635"
GeForce 9600 GSO 512,PCI\VEN_10DE&DEV_0625
GeForce 9600 GT,"PCI\VEN_10DE&DEV_0622
PCI\VEN_10DE&DEV_062D
PCI\VEN_10DE&DEV_062E
PCI\VEN_10DE&DEV_0637"
GeForce 9600M GS,PCI\VEN_10DE&DEV_0648&SUBSYS_900F1043
GeForce 9600M GT,PCI\VEN_10DE&DEV_0649&SUBSYS_90131043
GeForce 9800 GT,"PCI\VEN_10DE&DEV_0601
PCI\VEN_10DE&DEV_0605
PCI\VEN_10DE&DEV_0614"
GeForce 9800 GTX,PCI\VEN_10DE&DEV_0612
GeForce 9800 GTX+,PCI\VEN_10DE&DEV_0613
GeForce 9800 GX2,PCI\VEN_10DE&DEV_0604
GeForce 9800 S,PCI\VEN_10DE&DEV_062F
GeForce 9800M GTS,"PCI\VEN_10DE&DEV_0628&SUBSYS_01881631
PCI\VEN_10DE&DEV_0628&SUBSYS_02A11028
PCI\VEN_10DE&DEV_0628&SUBSYS_04811558
PCI\VEN_10DE&DEV_0628&SUBSYS_05731558
PCI\VEN_10DE&DEV_0628&SUBSYS_0696107B
PCI\VEN_10DE&DEV_0628&SUBSYS_08601558
PCI\VEN_10DE&DEV_0628&SUBSYS_09021558
PCI\VEN_10DE&DEV_0628&SUBSYS_19E21043
PCI\VEN_10DE&DEV_0628&SUBSYS_20041043
PCI\VEN_10DE&DEV_0628&SUBSYS_20121043
PCI\VEN_10DE&DEV_062C&SUBSYS_01881631
PCI\VEN_10DE&DEV_062C&SUBSYS_02A11028
PCI\VEN_10DE&DEV_062C&SUBSYS_04811558
PCI\VEN_10DE&DEV_062C&SUBSYS_05731558
PCI\VEN_10DE&DEV_062C&SUBSYS_0696107B
PCI\VEN_10DE&DEV_062C&SUBSYS_08601558
PCI\VEN_10DE&DEV_062C&SUBSYS_09021558
PCI\VEN_10DE&DEV_062C&SUBSYS_11381734
PCI\VEN_10DE&DEV_062C&SUBSYS_20151043
PCI\VEN_10DE&DEV_062C&SUBSYS_20171043
PCI\VEN_10DE&DEV_062C&SUBSYS_22D71019
PCI\VEN_10DE&DEV_062C&SUBSYS_FF011179"
GeForce FX 5100,PCI\VEN_10DE&DEV_0327
GeForce FX 5200,PCI\VEN_10DE&DEV_0322
GeForce FX 5200 Ultra,PCI\VEN_10DE&DEV_0321
GeForce FX 5200LE,PCI\VEN_10DE&DEV_0323
GeForce FX 5500,PCI\VEN_10DE&DEV_0326
GeForce FX 5600,PCI\VEN_10DE&DEV_0312
GeForce FX 5600 Ultra,PCI\VEN_10DE&DEV_0311
GeForce FX 5600XT,PCI\VEN_10DE&DEV_0314
GeForce FX 5700,PCI\VEN_10DE&DEV_0342
GeForce FX 5700 Ultra,PCI\VEN_10DE&DEV_0341
GeForce FX 5700LE,PCI\VEN_10DE&DEV_0343
GeForce FX 5700VE,PCI\VEN_10DE&DEV_0344
GeForce FX 5800,PCI\VEN_10DE&DEV_0302
GeForce FX 5800 Ultra,PCI\VEN_10DE&DEV_0301
GeForce FX 5900,PCI\VEN_10DE&DEV_0331
GeForce FX 5900 Ultra,PCI\VEN_10DE&DEV_0330
GeForce FX 5900XT,PCI\VEN_10DE&DEV_0332
GeForce FX 5900ZT,PCI\VEN_10DE&DEV_0334
GeForce FX 5950 Ultra,PCI\VEN_10DE&DEV_0333
GeForce G 110M,"PCI\VEN_10DE&DEV_0651
PCI\VEN_10DE&DEV_0651&SUBSYS_100C1462
PCI\VEN_10DE&DEV_0651&SUBSYS_387717AA
PCI\VEN_10DE&DEV_0651&SUBSYS_387B17AA
PCI\VEN_10DE&DEV_0651&SUBSYS_C520144D"
GeForce G100,"PCI\VEN_10DE&DEV_06E6
PCI\VEN_10DE&DEV_06E6&SUBSYS_34831458
PCI\VEN_10DE&DEV_06E6&SUBSYS_34841458
PCI\VEN_10DE&DEV_06E6&SUBSYS_37761642
PCI\VEN_10DE&DEV_06E6&SUBSYS_903E1B0A"
GeForce G102M,"PCI\VEN_10DE&DEV_0872&SUBSYS_19B41043
PCI\VEN_10DE&DEV_0872&SUBSYS_1AA21043
PCI\VEN_10DE&DEV_0872&SUBSYS_1C021043
PCI\VEN_10DE&DEV_0873&SUBSYS_19B41043
PCI\VEN_10DE&DEV_0873&SUBSYS_1C121043"
GeForce G105M,"PCI\VEN_10DE&DEV_06EC&SUBSYS_1A221043
PCI\VEN_10DE&DEV_06EC&SUBSYS_1A321043
PCI\VEN_10DE&DEV_06EC&SUBSYS_1A721043
PCI\VEN_10DE&DEV_06EC&SUBSYS_20261043
PCI\VEN_10DE&DEV_06F1&SUBSYS_1A821043
PCI\VEN_10DE&DEV_06F1&SUBSYS_1A921043
PCI\VEN_10DE&DEV_06F1&SUBSYS_1AB21043
PCI\VEN_10DE&DEV_06F1&SUBSYS_20321043"
GeForce G110M,PCI\VEN_10DE&DEV_0651&SUBSYS_904B1B0A
GeForce G210,"PCI\VEN_10DE&DEV_065F
PCI\VEN_10DE&DEV_0A60
PCI\VEN_10DE&DEV_0A74&SUBSYS_903A1B0A"
GeForce G210M,PCI\VEN_10DE&DEV_0A74&SUBSYS_39401642
GeForce GT 1030,"PCI\VEN_10DE&DEV_1D01
PCI\VEN_10DE&DEV_1D01&SUBSYS_1476174B"
GeForce GT 120,"PCI\VEN_10DE&DEV_0646
PCI\VEN_10DE&DEV_0646&SUBSYS_13301462
PCI\VEN_10DE&DEV_0646&SUBSYS_900C1B0A
PCI\VEN_10DE&DEV_0646&SUBSYS_A3301462"
GeForce GT 120M,"PCI\VEN_10DE&DEV_0653&SUBSYS_1A421043
PCI\VEN_10DE&DEV_0653&SUBSYS_202D1043"
GeForce GT 130,"PCI\VEN_10DE&DEV_0626
PCI\VEN_10DE&DEV_0626&SUBSYS_90151B0A"
GeForce GT 130M,"PCI\VEN_10DE&DEV_0652
PCI\VEN_10DE&DEV_0652&SUBSYS_003D14C0
PCI\VEN_10DE&DEV_0652&SUBSYS_020E1025
PCI\VEN_10DE&DEV_0652&SUBSYS_021E1025
PCI\VEN_10DE&DEV_0652&SUBSYS_02591025
PCI\VEN_10DE&DEV_0652&SUBSYS_02611025
PCI\VEN_10DE&DEV_0652&SUBSYS_02991025
PCI\VEN_10DE&DEV_0652&SUBSYS_11721734
PCI\VEN_10DE&DEV_0652&SUBSYS_1A121043
PCI\VEN_10DE&DEV_0652&SUBSYS_1A421043
PCI\VEN_10DE&DEV_0652&SUBSYS_20211043
PCI\VEN_10DE&DEV_0652&SUBSYS_20231043
PCI\VEN_10DE&DEV_0652&SUBSYS_20241043
PCI\VEN_10DE&DEV_0652&SUBSYS_20251043
PCI\VEN_10DE&DEV_0652&SUBSYS_202C1043
PCI\VEN_10DE&DEV_0652&SUBSYS_300C1509
PCI\VEN_10DE&DEV_0652&SUBSYS_3610103C
PCI\VEN_10DE&DEV_0652&SUBSYS_361B103C"
GeForce GT 140,PCI\VEN_10DE&DEV_0627
GeForce GT 220,"PCI\VEN_10DE&DEV_0A20
PCI\VEN_10DE&DEV_0A20&SUBSYS_19101462
PCI\VEN_10DE&DEV_0A20&SUBSYS_19111462
PCI\VEN_10DE&DEV_0CA5
PCI\VEN_10DE&DEV_0CAC"
GeForce GT 220M,"PCI\VEN_10DE&DEV_0649&SUBSYS_202D1043
PCI\VEN_10DE&DEV_0654
PCI\VEN_10DE&DEV_0654&SUBSYS_10CA17C0
PCI\VEN_10DE&DEV_0654&SUBSYS_1AD21043
PCI\VEN_10DE&DEV_0654&SUBSYS_20351043
PCI\VEN_10DE&DEV_0654&SUBSYS_20391043
PCI\VEN_10DE&DEV_0654&SUBSYS_203B1043"
GeForce GT 230,"PCI\VEN_10DE&DEV_0603
PCI\VEN_10DE&DEV_0621
PCI\VEN_10DE&DEV_0A28&SUBSYS_903B1B0A"
GeForce GT 230M,"PCI\VEN_10DE&DEV_0A28&SUBSYS_08071854
PCI\VEN_10DE&DEV_0A28&SUBSYS_0815152D
PCI\VEN_10DE&DEV_0A28&SUBSYS_20311043
PCI\VEN_10DE&DEV_0A28&SUBSYS_363C103C
PCI\VEN_10DE&DEV_0A28&SUBSYS_363E103C
PCI\VEN_10DE&DEV_0A28&SUBSYS_88971033
PCI\VEN_10DE&DEV_0A28&SUBSYS_90721071
PCI\VEN_10DE&DEV_0A2A&SUBSYS_00011179
PCI\VEN_10DE&DEV_0A2A&SUBSYS_10CA17C0"
GeForce GT 240,"PCI\VEN_10DE&DEV_0CA3
PCI\VEN_10DE&DEV_0CA3&SUBSYS_069D10DE
PCI\VEN_10DE&DEV_0CA3&SUBSYS_39261642"
GeForce GT 240M,PCI\VEN_10DE&DEV_0A34&SUBSYS_39281642
GeForce GT 320,"PCI\VEN_10DE&DEV_0CA2
PCI\VEN_10DE&DEV_0CA2&SUBSYS_19141462
PCI\VEN_10DE&DEV_0CA2&SUBSYS_191510DE
PCI\VEN_10DE&DEV_0CA2&SUBSYS_19171462
PCI\VEN_10DE&DEV_0CA2&SUBSYS_19181462"
GeForce GT 330,"PCI\VEN_10DE&DEV_0410
PCI\VEN_10DE&DEV_0410&SUBSYS_90761B0A
PCI\VEN_10DE&DEV_0CA0
PCI\VEN_10DE&DEV_0CA0&SUBSYS_39261642
PCI\VEN_10DE&DEV_0CA7"
GeForce GT 335M,PCI\VEN_10DE&DEV_0CAF&SUBSYS_078210DE
GeForce GT 340,PCI\VEN_10DE&DEV_0CA4
GeForce GT 415,PCI\VEN_10DE&DEV_0A32
GeForce GT 415M,"PCI\VEN_10DE&DEV_0DEE&SUBSYS_03701025
PCI\VEN_10DE&DEV_0DEE&SUBSYS_03711025
PCI\VEN_10DE&DEV_0DEE&SUBSYS_03741025
PCI\VEN_10DE&DEV_0DEE&SUBSYS_03751025
PCI\VEN_10DE&DEV_0DEE&SUBSYS_037C1025
PCI\VEN_10DE&DEV_0DEE&SUBSYS_037D1025
PCI\VEN_10DE&DEV_0DEE&SUBSYS_04171025
PCI\VEN_10DE&DEV_0DEE&SUBSYS_04231025
PCI\VEN_10DE&DEV_0DEE&SUBSYS_055A1025"
GeForce GT 420,"PCI\VEN_10DE&DEV_0DE2
PCI\VEN_10DE&DEV_0DE2&SUBSYS_1162174B
PCI\VEN_10DE&DEV_0DE2&SUBSYS_2162174B
PCI\VEN_10DE&DEV_0DE2&SUBSYS_90831B0A"
GeForce GT 420M,"PCI\VEN_10DE&DEV_0DF1&SUBSYS_035A1025
PCI\VEN_10DE&DEV_0DF1&SUBSYS_036C1025
PCI\VEN_10DE&DEV_0DF1&SUBSYS_036D1025
PCI\VEN_10DE&DEV_0DF1&SUBSYS_03701025
PCI\VEN_10DE&DEV_0DF1&SUBSYS_03711025
PCI\VEN_10DE&DEV_0DF1&SUBSYS_03741025
PCI\VEN_10DE&DEV_0DF1&SUBSYS_03751025
PCI\VEN_10DE&DEV_0DF1&SUBSYS_037C1025
PCI\VEN_10DE&DEV_0DF1&SUBSYS_037D1025
PCI\VEN_10DE&DEV_0DF1&SUBSYS_04171025
PCI\VEN_10DE&DEV_0DF1&SUBSYS_041E1025
PCI\VEN_10DE&DEV_0DF1&SUBSYS_04231025
PCI\VEN_10DE&DEV_0DF1&SUBSYS_04341025
PCI\VEN_10DE&DEV_0DF1&SUBSYS_04641025
PCI\VEN_10DE&DEV_0DF1&SUBSYS_04871025
PCI\VEN_10DE&DEV_0DF1&SUBSYS_04881025
PCI\VEN_10DE&DEV_0DF1&SUBSYS_04991025
PCI\VEN_10DE&DEV_0DF1&SUBSYS_049A1025"
GeForce GT 425M,"PCI\VEN_10DE&DEV_0DF0&SUBSYS_04631025
PCI\VEN_10DE&DEV_0DF0&SUBSYS_907C1B0A
PCI\VEN_10DE&DEV_0DF0&SUBSYS_909A1B0A"
GeForce GT 430,"PCI\VEN_10DE&DEV_0DE1
PCI\VEN_10DE&DEV_0DE1&SUBSYS_C0001458"
GeForce GT 435M,PCI\VEN_10DE&DEV_0DF2&SUBSYS_5162174B
GeForce GT 440,"PCI\VEN_10DE&DEV_0DC0
PCI\VEN_10DE&DEV_0DC0&SUBSYS_082D10DE
PCI\VEN_10DE&DEV_0DC0&SUBSYS_1178174B
PCI\VEN_10DE&DEV_0DC0&SUBSYS_2178174B
PCI\VEN_10DE&DEV_0DC0&SUBSYS_23111462
PCI\VEN_10DE&DEV_0DC0&SUBSYS_23121462
PCI\VEN_10DE&DEV_0DC0&SUBSYS_082D10DE
PCI\VEN_10DE&DEV_0DE0
PCI\VEN_10DE&DEV_0DE0&SUBSYS_C0001458"
GeForce GT 445M,"PCI\VEN_10DE&DEV_0DD2&SUBSYS_046C1028
PCI\VEN_10DE&DEV_0DD2&SUBSYS_04911028
PCI\VEN_10DE&DEV_0DD2&SUBSYS_0854152D"
GeForce GT 520,"PCI\VEN_10DE&DEV_0DE4
PCI\VEN_10DE&DEV_1040
PCI\VEN_10DE&DEV_1040&SUBSYS_091510DE
PCI\VEN_10DE&DEV_1040&SUBSYS_3214174B
PCI\VEN_10DE&DEV_1040&SUBSYS_90AA1B0A
PCI\VEN_10DE&DEV_1040&SUBSYS_C0001458"
GeForce GT 520M,"PCI\VEN_10DE&DEV_0DED&SUBSYS_0DBD105B
PCI\VEN_10DE&DEV_0DF7&SUBSYS_04881025
PCI\VEN_10DE&DEV_0DF7&SUBSYS_05051025
PCI\VEN_10DE&DEV_0DF7&SUBSYS_05071025
PCI\VEN_10DE&DEV_0DF7&SUBSYS_05091025
PCI\VEN_10DE&DEV_0DF7&SUBSYS_05121025
PCI\VEN_10DE&DEV_0DF7&SUBSYS_053A1025
PCI\VEN_10DE&DEV_0DF7&SUBSYS_055A1025
PCI\VEN_10DE&DEV_0DF7&SUBSYS_060D1025
PCI\VEN_10DE&DEV_0DF7&SUBSYS_06111025
PCI\VEN_10DE&DEV_1050
PCI\VEN_10DE&DEV_1050&SUBSYS_04871025
PCI\VEN_10DE&DEV_1050&SUBSYS_04881025
PCI\VEN_10DE&DEV_1050&SUBSYS_05011025
PCI\VEN_10DE&DEV_1050&SUBSYS_05031025
PCI\VEN_10DE&DEV_1050&SUBSYS_05051025
PCI\VEN_10DE&DEV_1050&SUBSYS_05071025
PCI\VEN_10DE&DEV_1050&SUBSYS_05091025
PCI\VEN_10DE&DEV_1050&SUBSYS_05121025
PCI\VEN_10DE&DEV_1050&SUBSYS_053A1025
PCI\VEN_10DE&DEV_1050&SUBSYS_054E1025
PCI\VEN_10DE&DEV_1050&SUBSYS_05501025
PCI\VEN_10DE&DEV_1050&SUBSYS_055A1025
PCI\VEN_10DE&DEV_1050&SUBSYS_055C1025
PCI\VEN_10DE&DEV_1050&SUBSYS_05681025
PCI\VEN_10DE&DEV_1050&SUBSYS_056A1025
PCI\VEN_10DE&DEV_1050&SUBSYS_056B1025
PCI\VEN_10DE&DEV_1050&SUBSYS_056C1025
PCI\VEN_10DE&DEV_1050&SUBSYS_05701025
PCI\VEN_10DE&DEV_1050&SUBSYS_05721025
PCI\VEN_10DE&DEV_1050&SUBSYS_05731025
PCI\VEN_10DE&DEV_1050&SUBSYS_05741025
PCI\VEN_10DE&DEV_1050&SUBSYS_05751025
PCI\VEN_10DE&DEV_1050&SUBSYS_05761025
PCI\VEN_10DE&DEV_1050&SUBSYS_05781025
PCI\VEN_10DE&DEV_1050&SUBSYS_05791025
PCI\VEN_10DE&DEV_1050&SUBSYS_05791028
PCI\VEN_10DE&DEV_1050&SUBSYS_057A1025
PCI\VEN_10DE&DEV_1050&SUBSYS_057B1025
PCI\VEN_10DE&DEV_1050&SUBSYS_05801025
PCI\VEN_10DE&DEV_1050&SUBSYS_05811025
PCI\VEN_10DE&DEV_1050&SUBSYS_058B1025
PCI\VEN_10DE&DEV_1050&SUBSYS_058C1025
PCI\VEN_10DE&DEV_1050&SUBSYS_05931025
PCI\VEN_10DE&DEV_1050&SUBSYS_060D1025
PCI\VEN_10DE&DEV_1050&SUBSYS_060F1025
PCI\VEN_10DE&DEV_1050&SUBSYS_06111025
PCI\VEN_10DE&DEV_1050&SUBSYS_0A9116F3
PCI\VEN_10DE&DEV_1050&SUBSYS_0C9F16F3
PCI\VEN_10DE&DEV_1050&SUBSYS_105016F3
PCI\VEN_10DE&DEV_1050&SUBSYS_365217AA"
GeForce GT 520MX,"PCI\VEN_10DE&DEV_1051&SUBSYS_08921854
PCI\VEN_10DE&DEV_1051&SUBSYS_10941462
PCI\VEN_10DE&DEV_1051&SUBSYS_17621043
PCI\VEN_10DE&DEV_1051&SUBSYS_17971854
PCI\VEN_10DE&DEV_1051&SUBSYS_30061854
PCI\VEN_10DE&DEV_1051&SUBSYS_300C1854
PCI\VEN_10DE&DEV_1051&SUBSYS_30111854
PCI\VEN_10DE&DEV_1051&SUBSYS_C0B6144D
PCI\VEN_10DE&DEV_1051&SUBSYS_C0B7144D
PCI\VEN_10DE&DEV_1051&SUBSYS_C606144D"
GeForce GT 525M,"PCI\VEN_10DE&DEV_0DF5&SUBSYS_05111028
PCI\VEN_10DE&DEV_0DF5&SUBSYS_05121028"
GeForce GT 530,"PCI\VEN_10DE&DEV_0DE5
PCI\VEN_10DE&DEV_0DE5&SUBSYS_3A261642
PCI\VEN_10DE&DEV_0DE5&SUBSYS_7162174B
PCI\VEN_10DE&DEV_0DE5&SUBSYS_90A31B0A"
GeForce GT 540M,"PCI\VEN_10DE&DEV_0DF4&SUBSYS_03711025
PCI\VEN_10DE&DEV_0DF4&SUBSYS_037D1025
PCI\VEN_10DE&DEV_0DF4&SUBSYS_041E1025
PCI\VEN_10DE&DEV_0DF4&SUBSYS_04341025
PCI\VEN_10DE&DEV_0DF4&SUBSYS_04871025
PCI\VEN_10DE&DEV_0DF4&SUBSYS_04881025
PCI\VEN_10DE&DEV_0DF4&SUBSYS_05001025
PCI\VEN_10DE&DEV_0DF4&SUBSYS_05011025
PCI\VEN_10DE&DEV_0DF4&SUBSYS_05021025
PCI\VEN_10DE&DEV_0DF4&SUBSYS_05031025
PCI\VEN_10DE&DEV_0DF4&SUBSYS_05041025
PCI\VEN_10DE&DEV_0DF4&SUBSYS_05051025
PCI\VEN_10DE&DEV_0DF4&SUBSYS_05061025
PCI\VEN_10DE&DEV_0DF4&SUBSYS_05071025
PCI\VEN_10DE&DEV_0DF4&SUBSYS_05081025
PCI\VEN_10DE&DEV_0DF4&SUBSYS_05091025
PCI\VEN_10DE&DEV_0DF4&SUBSYS_05111025
PCI\VEN_10DE&DEV_0DF4&SUBSYS_05121025
PCI\VEN_10DE&DEV_0DF4&SUBSYS_054E1025
PCI\VEN_10DE&DEV_0DF4&SUBSYS_05501025
PCI\VEN_10DE&DEV_0DF4&SUBSYS_055A1025
PCI\VEN_10DE&DEV_0DF4&SUBSYS_055C1025
PCI\VEN_10DE&DEV_0DF4&SUBSYS_05641025
PCI\VEN_10DE&DEV_0DF4&SUBSYS_05651025
PCI\VEN_10DE&DEV_0DF4&SUBSYS_05661025
PCI\VEN_10DE&DEV_0DF4&SUBSYS_05681025
PCI\VEN_10DE&DEV_0DF4&SUBSYS_056B1025
PCI\VEN_10DE&DEV_0DF4&SUBSYS_05701025
PCI\VEN_10DE&DEV_0DF4&SUBSYS_05721025
PCI\VEN_10DE&DEV_0DF4&SUBSYS_05731025
PCI\VEN_10DE&DEV_0DF4&SUBSYS_05741025
PCI\VEN_10DE&DEV_0DF4&SUBSYS_05751025
PCI\VEN_10DE&DEV_0DF4&SUBSYS_05761025
PCI\VEN_10DE&DEV_0DF4&SUBSYS_05781025
PCI\VEN_10DE&DEV_0DF4&SUBSYS_05791025
PCI\VEN_10DE&DEV_0DF4&SUBSYS_057A1025
PCI\VEN_10DE&DEV_0DF4&SUBSYS_057B1025
PCI\VEN_10DE&DEV_0DF4&SUBSYS_05801025
PCI\VEN_10DE&DEV_0DF4&SUBSYS_05811025
PCI\VEN_10DE&DEV_0DF4&SUBSYS_058B1025
PCI\VEN_10DE&DEV_0DF4&SUBSYS_058C1025
PCI\VEN_10DE&DEV_0DF4&SUBSYS_849E1043"
GeForce GT 545,"PCI\VEN_10DE&DEV_1241
PCI\VEN_10DE&DEV_1241&SUBSYS_091D10DE
PCI\VEN_10DE&DEV_1243
PCI\VEN_10DE&DEV_1243&SUBSYS_23151462
PCI\VEN_10DE&DEV_1243&SUBSYS_5178174B
PCI\VEN_10DE&DEV_1243&SUBSYS_6178174B"
GeForce GT 550M,"PCI\VEN_10DE&DEV_0DD6&SUBSYS_04B71028
PCI\VEN_10DE&DEV_0DD6&SUBSYS_04B81028
PCI\VEN_10DE&DEV_0DF6&SUBSYS_005914C0
PCI\VEN_10DE&DEV_0DF6&SUBSYS_005E14C0
PCI\VEN_10DE&DEV_0DF6&SUBSYS_17121043
PCI\VEN_10DE&DEV_0DF6&SUBSYS_20021BAB
PCI\VEN_10DE&DEV_0DF6&SUBSYS_20A51B0A
PCI\VEN_10DE&DEV_0DF6&SUBSYS_25251458
PCI\VEN_10DE&DEV_0DF6&SUBSYS_25321458
PCI\VEN_10DE&DEV_0DF6&SUBSYS_398117AA
PCI\VEN_10DE&DEV_1246&SUBSYS_05701028
PCI\VEN_10DE&DEV_1246&SUBSYS_05711028"
GeForce GT 555M,"PCI\VEN_10DE&DEV_0DEB&SUBSYS_362017AA
PCI\VEN_10DE&DEV_0DCE&SUBSYS_05641025
PCI\VEN_10DE&DEV_0DCE&SUBSYS_05651025
PCI\VEN_10DE&DEV_0DCE&SUBSYS_05661025"
GeForce GT 610,"PCI\VEN_10DE&DEV_0DE7
PCI\VEN_10DE&DEV_0F03
PCI\VEN_10DE&DEV_104A"
GeForce GT 620,"PCI\VEN_10DE&DEV_0F01
PCI\VEN_10DE&DEV_1049
PCI\VEN_10DE&DEV_1049&SUBSYS_0620174B
PCI\VEN_10DE&DEV_1049&SUBSYS_097710DE
PCI\VEN_10DE&DEV_1049&SUBSYS_259D1462
PCI\VEN_10DE&DEV_1049&SUBSYS_259E1462
PCI\VEN_10DE&DEV_1049&SUBSYS_3A981642
PCI\VEN_10DE&DEV_1049&SUBSYS_3B421642
PCI\VEN_10DE&DEV_1049&SUBSYS_90B71B0A
PCI\VEN_10DE&DEV_1049&SUBSYS_90BE1B0A
PCI\VEN_10DE&DEV_1049&SUBSYS_A621174B
PCI\VEN_10DE&DEV_1049&SUBSYS_A622174B"
GeForce GT 620M,"PCI\VEN_10DE&DEV_0DE9&SUBSYS_07251025
PCI\VEN_10DE&DEV_0DE9&SUBSYS_07281025
PCI\VEN_10DE&DEV_0DE9&SUBSYS_072B1025
PCI\VEN_10DE&DEV_0DE9&SUBSYS_072E1025
PCI\VEN_10DE&DEV_0DE9&SUBSYS_07531025
PCI\VEN_10DE&DEV_0DE9&SUBSYS_07541025
PCI\VEN_10DE&DEV_1140&SUBSYS_06001025
PCI\VEN_10DE&DEV_1140&SUBSYS_06061025
PCI\VEN_10DE&DEV_1140&SUBSYS_064A1025
PCI\VEN_10DE&DEV_1140&SUBSYS_064C1025
PCI\VEN_10DE&DEV_1140&SUBSYS_067A1025
PCI\VEN_10DE&DEV_1140&SUBSYS_06801025
PCI\VEN_10DE&DEV_1140&SUBSYS_06921025
PCI\VEN_10DE&DEV_1140&SUBSYS_06941025
PCI\VEN_10DE&DEV_1140&SUBSYS_07021025
PCI\VEN_10DE&DEV_1140&SUBSYS_07191025
PCI\VEN_10DE&DEV_1140&SUBSYS_07251025
PCI\VEN_10DE&DEV_1140&SUBSYS_07281025
PCI\VEN_10DE&DEV_1140&SUBSYS_072B1025
PCI\VEN_10DE&DEV_1140&SUBSYS_072E1025
PCI\VEN_10DE&DEV_1140&SUBSYS_07321025
PCI\VEN_10DE&DEV_1140&SUBSYS_365617AA"
GeForce GT 625,"PCI\VEN_10DE&DEV_104B
PCI\VEN_10DE&DEV_104B&SUBSYS_0625174B
PCI\VEN_10DE&DEV_104B&SUBSYS_102A10DE
PCI\VEN_10DE&DEV_104B&SUBSYS_A625174B"
GeForce GT 625M,PCI\VEN_10DE&DEV_1140&SUBSYS_390417AA
GeForce GT 630,"PCI\VEN_10DE&DEV_0F00
PCI\VEN_10DE&DEV_0FC2
PCI\VEN_10DE&DEV_0FC2&SUBSYS_0630174B
PCI\VEN_10DE&DEV_0FC2&SUBSYS_27501462
PCI\VEN_10DE&DEV_0FC2&SUBSYS_27511462
PCI\VEN_10DE&DEV_0FC2&SUBSYS_27521462
PCI\VEN_10DE&DEV_0FC2&SUBSYS_27551462
PCI\VEN_10DE&DEV_0FC2&SUBSYS_3B861642
PCI\VEN_10DE&DEV_0FC2&SUBSYS_3B981642
PCI\VEN_10DE&DEV_0FC2&SUBSYS_A632174B
PCI\VEN_10DE&DEV_1284"
GeForce GT 630M,"PCI\VEN_10DE&DEV_0DE9&SUBSYS_04871025
PCI\VEN_10DE&DEV_0DE9&SUBSYS_04881025
PCI\VEN_10DE&DEV_0DE9&SUBSYS_05051025
PCI\VEN_10DE&DEV_0DE9&SUBSYS_05071025
PCI\VEN_10DE&DEV_0DE9&SUBSYS_05121025
PCI\VEN_10DE&DEV_0DE9&SUBSYS_05731025
PCI\VEN_10DE&DEV_0DE9&SUBSYS_05741025
PCI\VEN_10DE&DEV_0DE9&SUBSYS_05751025
PCI\VEN_10DE&DEV_0DE9&SUBSYS_06461025
PCI\VEN_10DE&DEV_0DE9&SUBSYS_06481025
PCI\VEN_10DE&DEV_0DE9&SUBSYS_064A1025
PCI\VEN_10DE&DEV_0DE9&SUBSYS_064C1025
PCI\VEN_10DE&DEV_0DE9&SUBSYS_06791025
PCI\VEN_10DE&DEV_0DE9&SUBSYS_067A1025
PCI\VEN_10DE&DEV_0DE9&SUBSYS_06801025
PCI\VEN_10DE&DEV_0DE9&SUBSYS_06861025
PCI\VEN_10DE&DEV_0DE9&SUBSYS_06891025
PCI\VEN_10DE&DEV_0DE9&SUBSYS_068B1025
PCI\VEN_10DE&DEV_0DE9&SUBSYS_068D1025
PCI\VEN_10DE&DEV_0DE9&SUBSYS_068F1025
PCI\VEN_10DE&DEV_0DE9&SUBSYS_06921025
PCI\VEN_10DE&DEV_0DE9&SUBSYS_069B1025
PCI\VEN_10DE&DEV_0DE9&SUBSYS_069E1025
PCI\VEN_10DE&DEV_0DE9&SUBSYS_07021025
PCI\VEN_10DE&DEV_0DE9&SUBSYS_07191025
PCI\VEN_10DE&DEV_0DE9&SUBSYS_07211025
PCI\VEN_10DE&DEV_0DE9&SUBSYS_07221025
PCI\VEN_10DE&DEV_0DE9&SUBSYS_07231025
PCI\VEN_10DE&DEV_0DE9&SUBSYS_07321025
PCI\VEN_10DE&DEV_0DE9&SUBSYS_073F1025
PCI\VEN_10DE&DEV_0DE9&SUBSYS_362B17AA
PCI\VEN_10DE&DEV_0DE9&SUBSYS_85231043"
GeForce GT 635,"PCI\VEN_10DE&DEV_1280
PCI\VEN_10DE&DEV_1280&SUBSYS_10181019
PCI\VEN_10DE&DEV_1280&SUBSYS_10191019
PCI\VEN_10DE&DEV_1280&SUBSYS_103210DE"
GeForce GT 635M,"PCI\VEN_10DE&DEV_0DE3&SUBSYS_0950152D
PCI\VEN_10DE&DEV_0DE3&SUBSYS_0989152D
PCI\VEN_10DE&DEV_0DE3&SUBSYS_0992152D
PCI\VEN_10DE&DEV_0DE3&SUBSYS_1006152D
PCI\VEN_10DE&DEV_0DE3&SUBSYS_100D1043
PCI\VEN_10DE&DEV_0DE3&SUBSYS_1022152D
PCI\VEN_10DE&DEV_0DE3&SUBSYS_10AC1043
PCI\VEN_10DE&DEV_0DE3&SUBSYS_10B81462
PCI\VEN_10DE&DEV_0DE3&SUBSYS_10BC1043
PCI\VEN_10DE&DEV_0DE3&SUBSYS_10CC1043
PCI\VEN_10DE&DEV_0DE3&SUBSYS_112D1043
PCI\VEN_10DE&DEV_0DE3&SUBSYS_14471043
PCI\VEN_10DE&DEV_0DE3&SUBSYS_14771043
PCI\VEN_10DE&DEV_0DE3&SUBSYS_15471043
PCI\VEN_10DE&DEV_0DE3&SUBSYS_15871043
PCI\VEN_10DE&DEV_0DE3&SUBSYS_181B103C
PCI\VEN_10DE&DEV_0DE3&SUBSYS_181D103C
PCI\VEN_10DE&DEV_0DE3&SUBSYS_189B103C
PCI\VEN_10DE&DEV_0DE3&SUBSYS_20DC1B0A
PCI\VEN_10DE&DEV_0DE3&SUBSYS_20DD1B0A
PCI\VEN_10DE&DEV_0DE3&SUBSYS_20DF1B0A
PCI\VEN_10DE&DEV_0DE3&SUBSYS_21371043
PCI\VEN_10DE&DEV_0DE3&SUBSYS_21391043
PCI\VEN_10DE&DEV_0DE3&SUBSYS_21DA1043
PCI\VEN_10DE&DEV_0DE3&SUBSYS_222A1B0A
PCI\VEN_10DE&DEV_0DE3&SUBSYS_27061558
PCI\VEN_10DE&DEV_0DE3&SUBSYS_390117AA
PCI\VEN_10DE&DEV_0DE3&SUBSYS_390217AA
PCI\VEN_10DE&DEV_0DE3&SUBSYS_390417AA
PCI\VEN_10DE&DEV_0DE3&SUBSYS_500117AA
PCI\VEN_10DE&DEV_0DE3&SUBSYS_500317AA
PCI\VEN_10DE&DEV_0DE3&SUBSYS_500717AA
PCI\VEN_10DE&DEV_0DE3&SUBSYS_501217AA
PCI\VEN_10DE&DEV_0DE3&SUBSYS_99951019
PCI\VEN_10DE&DEV_0DE9&SUBSYS_22101B0A
PCI\VEN_10DE&DEV_124D&SUBSYS_10CC1462"
GeForce GT 640,"PCI\VEN_10DE&DEV_0FC0
PCI\VEN_10DE&DEV_0FC0&SUBSYS_0640174B
PCI\VEN_10DE&DEV_0FC0&SUBSYS_093D10DE
PCI\VEN_10DE&DEV_0FC0&SUBSYS_100F10DE
PCI\VEN_10DE&DEV_0FC0&SUBSYS_3B861642
PCI\VEN_10DE&DEV_0FC0&SUBSYS_A642174B
PCI\VEN_10DE&DEV_0FC0&SUBSYS_A644174B
PCI\VEN_10DE&DEV_0FC1
PCI\VEN_10DE&DEV_124B
PCI\VEN_10DE&DEV_124B&SUBSYS_23191462
PCI\VEN_10DE&DEV_124B&SUBSYS_231B1462
PCI\VEN_10DE&DEV_1282"
GeForce GT 640M,"PCI\VEN_10DE&DEV_0FD2&SUBSYS_054B1028
PCI\VEN_10DE&DEV_0FD2&SUBSYS_06461025 
PCI\VEN_10DE&DEV_0FD2&SUBSYS_06481025 
PCI\VEN_10DE&DEV_0FD2&SUBSYS_066C1025
PCI\VEN_10DE&DEV_0FD2&SUBSYS_06791025 
PCI\VEN_10DE&DEV_0FD2&SUBSYS_067D1025 
PCI\VEN_10DE&DEV_0FD2&SUBSYS_06811025 
PCI\VEN_10DE&DEV_0FD2&SUBSYS_06821025 
PCI\VEN_10DE&DEV_0FD2&SUBSYS_06831025 
PCI\VEN_10DE&DEV_0FD2&SUBSYS_06841025 
PCI\VEN_10DE&DEV_0FD2&SUBSYS_06861025 
PCI\VEN_10DE&DEV_0FD2&SUBSYS_068B1025 
PCI\VEN_10DE&DEV_0FD2&SUBSYS_069E1025 
PCI\VEN_10DE&DEV_0FD2&SUBSYS_071B1025 
PCI\VEN_10DE&DEV_0FD2&SUBSYS_071D1025 
PCI\VEN_10DE&DEV_0FD2&SUBSYS_07331025 
PCI\VEN_10DE&DEV_0FD2&SUBSYS_07341025 
PCI\VEN_10DE&DEV_0FD2&SUBSYS_07351025 
PCI\VEN_10DE&DEV_0FD2&SUBSYS_07361025
PCI\VEN_10DE&DEV_0FD2&SUBSYS_0D9A105B 
PCI\VEN_10DE&DEV_0FD2&SUBSYS_85331043"
GeForce GT 640M LE,"PCI\VEN_10DE&DEV_0FD3&SUBSYS_07131025
PCI\VEN_10DE&DEV_0FD3&SUBSYS_07171025"
GeForce GT 645,"PCI\VEN_10DE&DEV_1207
PCI\VEN_10DE&DEV_1207&SUBSYS_0645174B"
GeForce GT 645M,"PCI\VEN_10DE&DEV_0FD9&SUBSYS_0990152D
PCI\VEN_10DE&DEV_0FD9&SUBSYS_0993152D
PCI\VEN_10DE&DEV_0FD9&SUBSYS_0997152D
PCI\VEN_10DE&DEV_0FD9&SUBSYS_1001152D
PCI\VEN_10DE&DEV_0FD9&SUBSYS_1015152D
PCI\VEN_10DE&DEV_0FD9&SUBSYS_104D1043
PCI\VEN_10DE&DEV_0FD9&SUBSYS_10AC1043
PCI\VEN_10DE&DEV_0FD9&SUBSYS_10B81462
PCI\VEN_10DE&DEV_0FD9&SUBSYS_10BD1043
PCI\VEN_10DE&DEV_0FD9&SUBSYS_20DC1B0A
PCI\VEN_10DE&DEV_0FD9&SUBSYS_20E41B0A
PCI\VEN_10DE&DEV_0FD9&SUBSYS_27071558
PCI\VEN_10DE&DEV_0FD9&SUBSYS_390417AA
PCI\VEN_10DE&DEV_0FD9&SUBSYS_500317AA
PCI\VEN_10DE&DEV_0FD9&SUBSYS_501417AA"
GeForce GT 650M,"PCI\VEN_10DE&DEV_0FD1&SUBSYS_06861025
PCI\VEN_10DE&DEV_0FD1&SUBSYS_068B1025
PCI\VEN_10DE&DEV_0FD1&SUBSYS_365B17AA"
GeForce GT 705,"PCI\VEN_10DE&DEV_104C
PCI\VEN_10DE&DEV_104C&SUBSYS_108610DE
PCI\VEN_10DE&DEV_104C&SUBSYS_214A174B
PCI\VEN_10DE&DEV_104C&SUBSYS_A705174B"
GeForce GT 710,"PCI\VEN_10DE&DEV_1281
PCI\VEN_10DE&DEV_1281&SUBSYS_3261174B
PCI\VEN_10DE&DEV_1281&SUBSYS_326A174B
PCI\VEN_10DE&DEV_1289
PCI\VEN_10DE&DEV_128B"
GeForce GT 710M,"PCI\VEN_10DE&DEV_1140&SUBSYS_10B81462
PCI\VEN_10DE&DEV_1140&SUBSYS_223A1043
PCI\VEN_10DE&DEV_1140&SUBSYS_224A1043"
GeForce GT 720,"PCI\VEN_10DE&DEV_1286
PCI\VEN_10DE&DEV_1286&SUBSYS_108710DE
PCI\VEN_10DE&DEV_1286&SUBSYS_308A174B
PCI\VEN_10DE&DEV_1288
PCI\VEN_10DE&DEV_1288&SUBSYS_326B174B"
GeForce GT 720A,"PCI\VEN_10DE&DEV_1140&SUBSYS_2AEF103C
PCI\VEN_10DE&DEV_1140&SUBSYS_309C17AA"
GeForce GT 720M,"PCI\VEN_10DE&DEV_1140&SUBSYS_07631025
PCI\VEN_10DE&DEV_1140&SUBSYS_07761025
PCI\VEN_10DE&DEV_1140&SUBSYS_07811025
PCI\VEN_10DE&DEV_1140&SUBSYS_07981025
PCI\VEN_10DE&DEV_1140&SUBSYS_07991025
PCI\VEN_10DE&DEV_1140&SUBSYS_079B1025
PCI\VEN_10DE&DEV_1140&SUBSYS_079C1025
PCI\VEN_10DE&DEV_1140&SUBSYS_08071025
PCI\VEN_10DE&DEV_1140&SUBSYS_08231025
PCI\VEN_10DE&DEV_1140&SUBSYS_08301025
PCI\VEN_10DE&DEV_1140&SUBSYS_08331025
PCI\VEN_10DE&DEV_1140&SUBSYS_08371025
PCI\VEN_10DE&DEV_1140&SUBSYS_0DAC105B
PCI\VEN_10DE&DEV_1140&SUBSYS_0DAD105B
PCI\VEN_10DE&DEV_1140&SUBSYS_0EF3105B"
GeForce GT 730,"PCI\VEN_10DE&DEV_0F02
PCI\VEN_10DE&DEV_0FC9
PCI\VEN_10DE&DEV_1287
PCI\VEN_10DE&DEV_1287&SUBSYS_326C174B"
GeForce GT 730M,"PCI\VEN_10DE&DEV_0FDF&SUBSYS_06861025
PCI\VEN_10DE&DEV_0FDF&SUBSYS_068B1025
PCI\VEN_10DE&DEV_0FE1&SUBSYS_06461025
PCI\VEN_10DE&DEV_0FE1&SUBSYS_06481025
PCI\VEN_10DE&DEV_0FE1&SUBSYS_06791025
PCI\VEN_10DE&DEV_0FE1&SUBSYS_067D1025
PCI\VEN_10DE&DEV_0FE1&SUBSYS_06861025
PCI\VEN_10DE&DEV_0FE1&SUBSYS_068B1025
PCI\VEN_10DE&DEV_0FE1&SUBSYS_069E1025
PCI\VEN_10DE&DEV_0FE1&SUBSYS_07131025
PCI\VEN_10DE&DEV_0FE1&SUBSYS_07171025
PCI\VEN_10DE&DEV_0FE1&SUBSYS_071B1025
PCI\VEN_10DE&DEV_0FE1&SUBSYS_071D1025
PCI\VEN_10DE&DEV_0FE1&SUBSYS_85851043
PCI\VEN_10DE&DEV_1290"
GeForce GT 735M,PCI\VEN_10DE&DEV_1291&SUBSYS_081D1025
GeForce GT 740,"PCI\VEN_10DE&DEV_0FC8
PCI\VEN_10DE&DEV_11C5
PCI\VEN_10DE&DEV_11CB"
GeForce GT 740A,"PCI\VEN_10DE&DEV_1292&SUBSYS_367517AA
PCI\VEN_10DE&DEV_1292&SUBSYS_367C17AA
PCI\VEN_10DE&DEV_1292&SUBSYS_368417AA"
GeForce GT 740M,"PCI\VEN_10DE&DEV_1292&SUBSYS_073F1025
PCI\VEN_10DE&DEV_1292&SUBSYS_07761025
PCI\VEN_10DE&DEV_1292&SUBSYS_07811025
PCI\VEN_10DE&DEV_1292&SUBSYS_07981025
PCI\VEN_10DE&DEV_1292&SUBSYS_07991025
PCI\VEN_10DE&DEV_1292&SUBSYS_079B1025
PCI\VEN_10DE&DEV_1292&SUBSYS_079C1025
PCI\VEN_10DE&DEV_1292&SUBSYS_08331025
PCI\VEN_10DE&DEV_1292&SUBSYS_08361025
PCI\VEN_10DE&DEV_1292&SUBSYS_08421025"
GeForce GT 745A,"PCI\VEN_10DE&DEV_0FE3&SUBSYS_2B16103C
PCI\VEN_10DE&DEV_0FE3&SUBSYS_367517AA"
GeForce GT 745M,"PCI\VEN_10DE&DEV_0FE2&SUBSYS_008114C0
PCI\VEN_10DE&DEV_0FE2&SUBSYS_1043152D
PCI\VEN_10DE&DEV_0FE2&SUBSYS_1076152D
PCI\VEN_10DE&DEV_0FE2&SUBSYS_1704172F
PCI\VEN_10DE&DEV_0FE2&SUBSYS_1705172F
PCI\VEN_10DE&DEV_0FE2&SUBSYS_40021071
PCI\VEN_10DE&DEV_0FE2&SUBSYS_40331071
PCI\VEN_10DE&DEV_0FE2&SUBSYS_40371071
PCI\VEN_10DE&DEV_0FE2&SUBSYS_40381071
PCI\VEN_10DE&DEV_0FE2&SUBSYS_40391071
PCI\VEN_10DE&DEV_0FE2&SUBSYS_84001558
PCI\VEN_10DE&DEV_0FE3&SUBSYS_01931854
PCI\VEN_10DE&DEV_0FE3&SUBSYS_05D61028
PCI\VEN_10DE&DEV_0FE3&SUBSYS_1002152D
PCI\VEN_10DE&DEV_0FE3&SUBSYS_1009152D
PCI\VEN_10DE&DEV_0FE3&SUBSYS_10511854
PCI\VEN_10DE&DEV_0FE3&SUBSYS_11ED1043
PCI\VEN_10DE&DEV_0FE3&SUBSYS_11FD1043
PCI\VEN_10DE&DEV_0FE3&SUBSYS_12DD1043
PCI\VEN_10DE&DEV_0FE3&SUBSYS_20E41B0A
PCI\VEN_10DE&DEV_0FE3&SUBSYS_21061B0A
PCI\VEN_10DE&DEV_0FE3&SUBSYS_21091B0A
PCI\VEN_10DE&DEV_0FE3&SUBSYS_210E1B0A
PCI\VEN_10DE&DEV_0FE3&SUBSYS_21EA1043
PCI\VEN_10DE&DEV_0FE3&SUBSYS_22021B0A
PCI\VEN_10DE&DEV_0FE3&SUBSYS_221A1043
PCI\VEN_10DE&DEV_0FE3&SUBSYS_22221B0A
PCI\VEN_10DE&DEV_0FE3&SUBSYS_222A1043
PCI\VEN_10DE&DEV_0FE3&SUBSYS_24421458
PCI\VEN_10DE&DEV_0FE3&SUBSYS_380517AA
PCI\VEN_10DE&DEV_0FE3&SUBSYS_380917AA
PCI\VEN_10DE&DEV_0FE3&SUBSYS_500317AA
PCI\VEN_10DE&DEV_0FE3&SUBSYS_501A17AA
PCI\VEN_10DE&DEV_0FE3&SUBSYS_55891991
PCI\VEN_10DE&DEV_0FE3&SUBSYS_999B1019
PCI\VEN_10DE&DEV_0FE3&SUBSYS_99A21019
PCI\VEN_10DE&DEV_0FE3&SUBSYS_FA111179
PCI\VEN_10DE&DEV_0FE3&SUBSYS_FA131179
PCI\VEN_10DE&DEV_0FE3&SUBSYS_FA181179
PCI\VEN_10DE&DEV_0FE3&SUBSYS_FA191179
PCI\VEN_10DE&DEV_0FE3&SUBSYS_FA321179
PCI\VEN_10DE&DEV_0FE3&SUBSYS_FA331179
PCI\VEN_10DE&DEV_0FE3&SUBSYS_FA361179
PCI\VEN_10DE&DEV_0FE3&SUBSYS_FA381179
PCI\VEN_10DE&DEV_0FE3&SUBSYS_FA421179
PCI\VEN_10DE&DEV_0FE3&SUBSYS_FA431179
PCI\VEN_10DE&DEV_0FE3&SUBSYS_FA451179
PCI\VEN_10DE&DEV_0FE3&SUBSYS_FA471179
PCI\VEN_10DE&DEV_0FE3&SUBSYS_FA491179
PCI\VEN_10DE&DEV_0FE3&SUBSYS_FA781179
PCI\VEN_10DE&DEV_0FE3&SUBSYS_FA791179"
GeForce GT 750M,"PCI\VEN_10DE&DEV_0FE4&SUBSYS_07811025
PCI\VEN_10DE&DEV_0FE4&SUBSYS_07981025
PCI\VEN_10DE&DEV_0FE4&SUBSYS_07991025
PCI\VEN_10DE&DEV_0FE4&SUBSYS_079B1025
PCI\VEN_10DE&DEV_0FE4&SUBSYS_079C1025
PCI\VEN_10DE&DEV_0FE4&SUBSYS_079D1025
PCI\VEN_10DE&DEV_0FE4&SUBSYS_08141025
PCI\VEN_10DE&DEV_0FE4&SUBSYS_08161025
PCI\VEN_10DE&DEV_0FE4&SUBSYS_08301025"
GeForce GT 755M,"PCI\VEN_10DE&DEV_0FCD&SUBSYS_1024152D
PCI\VEN_10DE&DEV_0FCD&SUBSYS_380017AA
PCI\VEN_10DE&DEV_0FCD&SUBSYS_380117AA
PCI\VEN_10DE&DEV_0FEA&SUBSYS_011F106B"
GeForce GTS 160M,"PCI\VEN_10DE&DEV_0631&SUBSYS_02A11028
PCI\VEN_10DE&DEV_0631&SUBSYS_02A21028
PCI\VEN_10DE&DEV_0631&SUBSYS_04811558
PCI\VEN_10DE&DEV_0631&SUBSYS_05771558
PCI\VEN_10DE&DEV_0631&SUBSYS_08601558
PCI\VEN_10DE&DEV_0631&SUBSYS_09021558
PCI\VEN_10DE&DEV_0631&SUBSYS_09031558
PCI\VEN_10DE&DEV_0631&SUBSYS_10141462
PCI\VEN_10DE&DEV_0631&SUBSYS_10241462
PCI\VEN_10DE&DEV_0631&SUBSYS_98001558"
GeForce GTS 240,PCI\VEN_10DE&DEV_0607
GeForce GTS 250,"PCI\VEN_10DE&DEV_0615
PCI\VEN_10DE&DEV_0615&SUBSYS_90381B0A"
GeForce GTS 250M,PCI\VEN_10DE&DEV_0CA9&SUBSYS_39421642
GeForce GTS 350M,PCI\VEN_10DE&DEV_0CB0&SUBSYS_080D10DE
GeForce GTS 450,"PCI\VEN_10DE&DEV_0DC4
PCI\VEN_10DE&DEV_0DC4&SUBSYS_C0001458
PCI\VEN_10DE&DEV_0DC5
PCI\VEN_10DE&DEV_0DC5&SUBSYS_085B10DE
PCI\VEN_10DE&DEV_0DC5&SUBSYS_1184174B
PCI\VEN_10DE&DEV_0DC6
PCI\VEN_10DE&DEV_1245
PCI\VEN_10DE&DEV_1245&SUBSYS_C0001458
PCI\VEN_10DE&DEV_1249"
GeForce GTX 1050,"PCI\VEN_10DE&DEV_1C81
PCI\VEN_10DE&DEV_1C81&SUBSYS_2455174B
PCI\VEN_10DE&DEV_1C81&SUBSYS_5454174B
PCI\VEN_10DE&DEV_1C8D&SUBSYS_11281025
PCI\VEN_10DE&DEV_1C8D&SUBSYS_118B1025
PCI\VEN_10DE&DEV_1C8D&SUBSYS_11971025
PCI\VEN_10DE&DEV_1C8D&SUBSYS_11991025
PCI\VEN_10DE&DEV_1C8D&SUBSYS_12071025
PCI\VEN_10DE&DEV_1C8D&SUBSYS_121C1025
PCI\VEN_10DE&DEV_1C8D&SUBSYS_12341025"
GeForce GTX 1050 Ti,"PCI\VEN_10DE&DEV_1C21&SUBSYS_11551025
PCI\VEN_10DE&DEV_1C82
PCI\VEN_10DE&DEV_1C82&SUBSYS_3454174B
PCI\VEN_10DE&DEV_1C8C&SUBSYS_11281025
PCI\VEN_10DE&DEV_1C8C&SUBSYS_11541025
PCI\VEN_10DE&DEV_1C8C&SUBSYS_118B1025
PCI\VEN_10DE&DEV_1C8C&SUBSYS_11971025
PCI\VEN_10DE&DEV_1C8C&SUBSYS_11991025
PCI\VEN_10DE&DEV_1C8C&SUBSYS_12071025"
GeForce GTX 1050 Ti with Max-Q Design,"PCI\VEN_10DE&DEV_1C8C&SUBSYS_087C1028
PCI\VEN_10DE&DEV_1C8C&SUBSYS_39FF17AA"
GeForce GTX 1050 with Max-Q Design,"PCI\VEN_10DE&DEV_1C8D&SUBSYS_087C1028
PCI\VEN_10DE&DEV_1C8D&SUBSYS_17071D72"
GeForce GTX 1060,"PCI\VEN_10DE&DEV_1C20&SUBSYS_114E1025
PCI\VEN_10DE&DEV_1C20&SUBSYS_114F1025
PCI\VEN_10DE&DEV_1C20&SUBSYS_118B1025
PCI\VEN_10DE&DEV_1C20&SUBSYS_11991025
PCI\VEN_10DE&DEV_1C20&SUBSYS_12071025
PCI\VEN_10DE&DEV_1C20&SUBSYS_120C1025
PCI\VEN_10DE&DEV_1C60&SUBSYS_11311025
PCI\VEN_10DE&DEV_1C60&SUBSYS_11321025
PCI\VEN_10DE&DEV_1C60&SUBSYS_11701025
PCI\VEN_10DE&DEV_1C60&SUBSYS_11771025
PCI\VEN_10DE&DEV_1C60&SUBSYS_11781025
PCI\VEN_10DE&DEV_1C60&SUBSYS_11791025"
GeForce GTX 1060 3GB,"PCI\VEN_10DE&DEV_1B84
PCI\VEN_10DE&DEV_1C02
PCI\VEN_10DE&DEV_1C02&SUBSYS_2438174B"
GeForce GTX 1060 5GB,PCI\VEN_10DE&DEV_1C04
GeForce GTX 1060 6GB,"PCI\VEN_10DE&DEV_1C03
PCI\VEN_10DE&DEV_1C03&SUBSYS_2438174B
PCI\VEN_10DE&DEV_1C06"
GeForce GTX 1060 with Max-Q Design,"PCI\VEN_10DE&DEV_1C20&SUBSYS_08021028
PCI\VEN_10DE&DEV_1C20&SUBSYS_08031028
PCI\VEN_10DE&DEV_1C20&SUBSYS_08251028
PCI\VEN_10DE&DEV_1C20&SUBSYS_08271028
PCI\VEN_10DE&DEV_1C20&SUBSYS_08851028
PCI\VEN_10DE&DEV_1C20&SUBSYS_08861028
PCI\VEN_10DE&DEV_1C20&SUBSYS_20001A58
PCI\VEN_10DE&DEV_1C20&SUBSYS_39B917AA
PCI\VEN_10DE&DEV_1C20&SUBSYS_8467103C
PCI\VEN_10DE&DEV_1C20&SUBSYS_8478103C
PCI\VEN_10DE&DEV_1C60&SUBSYS_8390103C
PCI\VEN_10DE&DEV_1C60&SUBSYS_8467103C"
GeForce GTX 1070,"PCI\VEN_10DE&DEV_1B81
PCI\VEN_10DE&DEV_1B81&SUBSYS_1070174B
PCI\VEN_10DE&DEV_1B81&SUBSYS_1071174B
PCI\VEN_10DE&DEV_1BE1&SUBSYS_11311025
PCI\VEN_10DE&DEV_1BE1&SUBSYS_11321025
PCI\VEN_10DE&DEV_1BE1&SUBSYS_11771025
PCI\VEN_10DE&DEV_1BE1&SUBSYS_11781025"
GeForce GTX 1070 Ti,"PCI\VEN_10DE&DEV_1B82
PCI\VEN_10DE&DEV_1B82&SUBSYS_4241174B"
GeForce GTX 1080,"PCI\VEN_10DE&DEV_1B80
PCI\VEN_10DE&DEV_1B80&SUBSYS_1425174B 
PCI\VEN_10DE&DEV_1BE0&SUBSYS_11411025
PCI\VEN_10DE&DEV_1BE0&SUBSYS_11461025"
GeForce GTX 1080 Ti,"PCI\VEN_10DE&DEV_1B06
PCI\VEN_10DE&DEV_1B06&SUBSYS_1470174B"
GeForce GTX 1080 with Max-Q Design,"PCI\VEN_10DE&DEV_1BE0&SUBSYS_12211025
PCI\VEN_10DE&DEV_1BE0&SUBSYS_123E1025"
GeForce GTX 260,"PCI\VEN_10DE&DEV_05E2
PCI\VEN_10DE&DEV_05EA"
GeForce GTX 260M,"PCI\VEN_10DE&DEV_0618&SUBSYS_028E1025
PCI\VEN_10DE&DEV_0618&SUBSYS_02A11028
PCI\VEN_10DE&DEV_0618&SUBSYS_02A21028
PCI\VEN_10DE&DEV_0618&SUBSYS_04811558
PCI\VEN_10DE&DEV_0618&SUBSYS_05771558
PCI\VEN_10DE&DEV_0618&SUBSYS_08601558
PCI\VEN_10DE&DEV_0618&SUBSYS_09021558
PCI\VEN_10DE&DEV_0618&SUBSYS_09031558
PCI\VEN_10DE&DEV_0618&SUBSYS_1A521043
PCI\VEN_10DE&DEV_0618&SUBSYS_20281043
PCI\VEN_10DE&DEV_0618&SUBSYS_202B1043
PCI\VEN_10DE&DEV_0618&SUBSYS_20331043
PCI\VEN_10DE&DEV_0618&SUBSYS_72001558
PCI\VEN_10DE&DEV_0618&SUBSYS_81001558
PCI\VEN_10DE&DEV_0618&SUBSYS_86871558
PCI\VEN_10DE&DEV_0618&SUBSYS_86891558
PCI\VEN_10DE&DEV_0618&SUBSYS_98001558"
GeForce GTX 275,PCI\VEN_10DE&DEV_05E6
GeForce GTX 280,PCI\VEN_10DE&DEV_05E1
GeForce GTX 280M,"PCI\VEN_10DE&DEV_060A
PCI\VEN_10DE&DEV_060A&SUBSYS_01611025
PCI\VEN_10DE&DEV_060A&SUBSYS_02351025
PCI\VEN_10DE&DEV_060A&SUBSYS_02A11028
PCI\VEN_10DE&DEV_060A&SUBSYS_04811558
PCI\VEN_10DE&DEV_060A&SUBSYS_05771558
PCI\VEN_10DE&DEV_060A&SUBSYS_08601558
PCI\VEN_10DE&DEV_060A&SUBSYS_09021558
PCI\VEN_10DE&DEV_060A&SUBSYS_09031558
PCI\VEN_10DE&DEV_060A&SUBSYS_20271043
PCI\VEN_10DE&DEV_060A&SUBSYS_98001558"
GeForce GTX 285,PCI\VEN_10DE&DEV_05E3
GeForce GTX 295,"PCI\VEN_10DE&DEV_05E0
PCI\VEN_10DE&DEV_05EB"
GeForce GTX 460,"PCI\VEN_10DE&DEV_0E22
PCI\VEN_10DE&DEV_0E22&SUBSYS_C0001458
PCI\VEN_10DE&DEV_0E24
PCI\VEN_10DE&DEV_0E24&SUBSYS_083D10DE
PCI\VEN_10DE&DEV_0E24&SUBSYS_23201462
PCI\VEN_10DE&DEV_0E24&SUBSYS_4600174B
PCI\VEN_10DE&DEV_0E24&SUBSYS_907F1B0A
PCI\VEN_10DE&DEV_0E24&SUBSYS_90861B0A"
GeForce GTX 460 SE,"PCI\VEN_10DE&DEV_0E23
PCI\VEN_10DE&DEV_0E23&SUBSYS_C0001458"
GeForce GTX 460 v2,"PCI\VEN_10DE&DEV_1205
PCI\VEN_10DE&DEV_1205&SUBSYS_C0001458"
GeForce GTX 460M,"PCI\VEN_10DE&DEV_0DD1&SUBSYS_10DE10DE
PCI\VEN_10DE&DEV_0DD1&SUBSYS_362017AA
PCI\VEN_10DE&DEV_0DD1&SUBSYS_84651043"
GeForce GTX 465,"PCI\VEN_10DE&DEV_06C4
PCI\VEN_10DE&DEV_06C4&SUBSYS_C0001458"
GeForce GTX 470,"PCI\VEN_10DE&DEV_06CD
PCI\VEN_10DE&DEV_06CD&SUBSYS_079F10DE
PCI\VEN_10DE&DEV_06CD&SUBSYS_C0001458"
GeForce GTX 470M,"PCI\VEN_10DE&DEV_0E30&SUBSYS_71001558
PCI\VEN_10DE&DEV_0E30&SUBSYS_72001558
PCI\VEN_10DE&DEV_0E30&SUBSYS_86871558"
GeForce GTX 480,"PCI\VEN_10DE&DEV_06C0
PCI\VEN_10DE&DEV_06C0&SUBSYS_075F10DE"
GeForce GTX 480M,"PCI\VEN_10DE&DEV_06CA&SUBSYS_005314C0
PCI\VEN_10DE&DEV_06CA&SUBSYS_048F1028
PCI\VEN_10DE&DEV_06CA&SUBSYS_04901028
PCI\VEN_10DE&DEV_06CA&SUBSYS_09031558
PCI\VEN_10DE&DEV_06CA&SUBSYS_72001558
PCI\VEN_10DE&DEV_06CA&SUBSYS_81001558
PCI\VEN_10DE&DEV_06CA&SUBSYS_86871558
PCI\VEN_10DE&DEV_06CA&SUBSYS_86891558"
GeForce GTX 485M,"PCI\VEN_10DE&DEV_0E31&SUBSYS_51021558
PCI\VEN_10DE&DEV_0E31&SUBSYS_71001558
PCI\VEN_10DE&DEV_0E31&SUBSYS_72001558"
GeForce GTX 550 Ti,"PCI\VEN_10DE&DEV_1244
PCI\VEN_10DE&DEV_1244&SUBSYS_5194174B
PCI\VEN_10DE&DEV_1244&SUBSYS_90A21B0A
PCI\VEN_10DE&DEV_1244&SUBSYS_C0001458"
GeForce GTX 555,"PCI\VEN_10DE&DEV_1206
PCI\VEN_10DE&DEV_1206&SUBSYS_095810DE"
GeForce GTX 560,"PCI\VEN_10DE&DEV_1084
PCI\VEN_10DE&DEV_1084&SUBSYS_25701462
PCI\VEN_10DE&DEV_1084&SUBSYS_3A961642
PCI\VEN_10DE&DEV_1201
PCI\VEN_10DE&DEV_1201&SUBSYS_C0001458"
GeForce GTX 560 SE,PCI\VEN_10DE&DEV_1208
GeForce GTX 560 Ti,"PCI\VEN_10DE&DEV_1082
PCI\VEN_10DE&DEV_1082&SUBSYS_087310DE
PCI\VEN_10DE&DEV_1082&SUBSYS_10DE0873
PCI\VEN_10DE&DEV_1082&SUBSYS_5207174B
PCI\VEN_10DE&DEV_1087
PCI\VEN_10DE&DEV_1200
PCI\VEN_10DE&DEV_1200&SUBSYS_C0001458
PCI\VEN_10DE&DEV_1202"
GeForce GTX 560M,PCI\VEN_10DE&DEV_1251&SUBSYS_84BA1043
GeForce GTX 570,"PCI\VEN_10DE&DEV_1081
PCI\VEN_10DE&DEV_1081&SUBSYS_087E10DE
PCI\VEN_10DE&DEV_1086
PCI\VEN_10DE&DEV_1086&SUBSYS_1207174B"
GeForce GTX 580,"PCI\VEN_10DE&DEV_1080
PCI\VEN_10DE&DEV_1080&SUBSYS_086A10DE
PCI\VEN_10DE&DEV_1080&SUBSYS_094710DE
PCI\VEN_10DE&DEV_1089
PCI\VEN_10DE&DEV_108B"
GeForce GTX 590,"PCI\VEN_10DE&DEV_1088
PCI\VEN_10DE&DEV_1088&SUBSYS_086810DE"
GeForce GTX 645,"PCI\VEN_10DE&DEV_11C4
PCI\VEN_10DE&DEV_11C4&SUBSYS_102910DE
PCI\VEN_10DE&DEV_11C4&SUBSYS_1645174B"
GeForce GTX 650,"PCI\VEN_10DE&DEV_0FC6
PCI\VEN_10DE&DEV_0FC6&SUBSYS_28091462
PCI\VEN_10DE&DEV_0FC6&SUBSYS_3C781642
PCI\VEN_10DE&DEV_11C8"
GeForce GTX 650 Ti,"PCI\VEN_10DE&DEV_11C3
PCI\VEN_10DE&DEV_11C6
PCI\VEN_10DE&DEV_11C6&SUBSYS_101610DE"
GeForce GTX 650 Ti BOOST,PCI\VEN_10DE&DEV_11C2
GeForce GTX 660,"PCI\VEN_10DE&DEV_1185
PCI\VEN_10DE&DEV_1185&SUBSYS_098A10DE
PCI\VEN_10DE&DEV_1185&SUBSYS_2260174B
PCI\VEN_10DE&DEV_1185&SUBSYS_28411462
PCI\VEN_10DE&DEV_1185&SUBSYS_6889103C
PCI\VEN_10DE&DEV_1195
PCI\VEN_10DE&DEV_11C0"
GeForce GTX 660 Ti,PCI\VEN_10DE&DEV_1183
GeForce GTX 660M,"PCI\VEN_10DE&DEV_0FD4&SUBSYS_05501028
PCI\VEN_10DE&DEV_0FD4&SUBSYS_05511028
PCI\VEN_10DE&DEV_0FD4&SUBSYS_057B1028
PCI\VEN_10DE&DEV_0FD4&SUBSYS_05801028
PCI\VEN_10DE&DEV_0FD4&SUBSYS_05AB1028
PCI\VEN_10DE&DEV_0FD4&SUBSYS_102D1043
PCI\VEN_10DE&DEV_0FD4&SUBSYS_10D71462
PCI\VEN_10DE&DEV_0FD4&SUBSYS_10D81462
PCI\VEN_10DE&DEV_0FD4&SUBSYS_21151043
PCI\VEN_10DE&DEV_0FD4&SUBSYS_21161043
PCI\VEN_10DE&DEV_0FD4&SUBSYS_21171043
PCI\VEN_10DE&DEV_0FD4&SUBSYS_21181043
PCI\VEN_10DE&DEV_0FD4&SUBSYS_25421458
PCI\VEN_10DE&DEV_0FD4&SUBSYS_37001558
PCI\VEN_10DE&DEV_0FD4&SUBSYS_397717AA
PCI\VEN_10DE&DEV_0FD4&SUBSYS_51051558
PCI\VEN_10DE&DEV_0FD4&SUBSYS_67451458
PCI\VEN_10DE&DEV_0FD4&SUBSYS_67461458
PCI\VEN_10DE&DEV_0FD4&SUBSYS_71021558
PCI\VEN_10DE&DEV_0FE0&SUBSYS_010B106B"
GeForce GTX 670,"PCI\VEN_10DE&DEV_1189
PCI\VEN_10DE&DEV_1189&SUBSYS_097A10DE
PCI\VEN_10DE&DEV_1189&SUBSYS_1260174B"
GeForce GTX 670M,"PCI\VEN_10DE&DEV_1213&SUBSYS_03711558
PCI\VEN_10DE&DEV_1213&SUBSYS_10CB1462
PCI\VEN_10DE&DEV_1213&SUBSYS_21191043
PCI\VEN_10DE&DEV_1213&SUBSYS_21201043
PCI\VEN_10DE&DEV_1213&SUBSYS_51051558
PCI\VEN_10DE&DEV_1213&SUBSYS_71021558
PCI\VEN_10DE&DEV_1213&SUBSYS_80001558
PCI\VEN_10DE&DEV_1213&SUBSYS_AF151462
PCI\VEN_10DE&DEV_1213&SUBSYS_FB121179
PCI\VEN_10DE&DEV_1213&SUBSYS_FB181179
PCI\VEN_10DE&DEV_1213&SUBSYS_FB1A1179"
GeForce GTX 670MX,"PCI\VEN_10DE&DEV_11A1&SUBSYS_02701558
PCI\VEN_10DE&DEV_11A1&SUBSYS_02711558
PCI\VEN_10DE&DEV_11A1&SUBSYS_03711558
PCI\VEN_10DE&DEV_11A1&SUBSYS_10AD1043
PCI\VEN_10DE&DEV_11A1&SUBSYS_10D91462
PCI\VEN_10DE&DEV_11A1&SUBSYS_21AB1043
PCI\VEN_10DE&DEV_11A1&SUBSYS_51051558
PCI\VEN_10DE&DEV_11A1&SUBSYS_71021558
PCI\VEN_10DE&DEV_11A1&SUBSYS_AF151462"
GeForce GTX 675M,"PCI\VEN_10DE&DEV_1212&SUBSYS_02701558
PCI\VEN_10DE&DEV_1212&SUBSYS_02711558
PCI\VEN_10DE&DEV_1212&SUBSYS_05501028
PCI\VEN_10DE&DEV_1212&SUBSYS_05511028
PCI\VEN_10DE&DEV_1212&SUBSYS_057B1028
PCI\VEN_10DE&DEV_1212&SUBSYS_05801028
PCI\VEN_10DE&DEV_1212&SUBSYS_10CB1462
PCI\VEN_10DE&DEV_1212&SUBSYS_51051558
PCI\VEN_10DE&DEV_1212&SUBSYS_71021558
PCI\VEN_10DE&DEV_1212&SUBSYS_C0D0144D"
GeForce GTX 675MX,"PCI\VEN_10DE&DEV_11A2&SUBSYS_010C106B
PCI\VEN_10DE&DEV_11A7&SUBSYS_10D91462
PCI\VEN_10DE&DEV_11A7&SUBSYS_51051558
PCI\VEN_10DE&DEV_11A7&SUBSYS_71021558
PCI\VEN_10DE&DEV_11A7&SUBSYS_AF151462"
GeForce GTX 680,"PCI\VEN_10DE&DEV_1180
PCI\VEN_10DE&DEV_1180&SUBSYS_096910DE
PCI\VEN_10DE&DEV_1180&SUBSYS_099910DE
PCI\VEN_10DE&DEV_1180&SUBSYS_100C10DE
PCI\VEN_10DE&DEV_1180&SUBSYS_1255174B"
GeForce GTX 680M,PCI\VEN_10DE&DEV_11A0&SUBSYS_0964196E
GeForce GTX 680MX,PCI\VEN_10DE&DEV_11A3&SUBSYS_010D106B
GeForce GTX 690,"PCI\VEN_10DE&DEV_1188
PCI\VEN_10DE&DEV_1188&SUBSYS_095B10DE"
GeForce GTX 745,"PCI\VEN_10DE&DEV_1382
PCI\VEN_10DE&DEV_1382&SUBSYS_106510DE
PCI\VEN_10DE&DEV_1382&SUBSYS_249A174B"
GeForce GTX 750,"PCI\VEN_10DE&DEV_1381
PCI\VEN_10DE&DEV_1381&SUBSYS_2346174B
PCI\VEN_10DE&DEV_1407"
GeForce GTX 750 Ti,"PCI\VEN_10DE&DEV_1380
PCI\VEN_10DE&DEV_1380&SUBSYS_105F10DE
PCI\VEN_10DE&DEV_139B&SUBSYS_107A1025
PCI\VEN_10DE&DEV_139D"
GeForce GTX 760,"PCI\VEN_10DE&DEV_1187
PCI\VEN_10DE&DEV_1187&SUBSYS_3265174B"
GeForce GTX 760 (192-bit),"PCI\VEN_10DE&DEV_118E
PCI\VEN_10DE&DEV_118E&SUBSYS_098A10DE
PCI\VEN_10DE&DEV_118E&SUBSYS_106F10DE
PCI\VEN_10DE&DEV_118E&SUBSYS_6265174B"
GeForce GTX 760 Ti,PCI\VEN_10DE&DEV_1193
GeForce GTX 760A,PCI\VEN_10DE&DEV_11E3&SUBSYS_368317AA
GeForce GTX 760M,"PCI\VEN_10DE&DEV_11E3&SUBSYS_073F1025
PCI\VEN_10DE&DEV_11E3&SUBSYS_07811025
PCI\VEN_10DE&DEV_11E3&SUBSYS_07871025
PCI\VEN_10DE&DEV_11E3&SUBSYS_082E1025"
GeForce GTX 765M,PCI\VEN_10DE&DEV_11E2&SUBSYS_07871025
GeForce GTX 770,"PCI\VEN_10DE&DEV_1184
PCI\VEN_10DE&DEV_1184&SUBSYS_103310DE
PCI\VEN_10DE&DEV_1184&SUBSYS_4255174B"
GeForce GTX 770M,"PCI\VEN_10DE&DEV_11E0&SUBSYS_02701558
PCI\VEN_10DE&DEV_11E0&SUBSYS_02711558
PCI\VEN_10DE&DEV_11E0&SUBSYS_03761558
PCI\VEN_10DE&DEV_11E0&SUBSYS_05AA1028
PCI\VEN_10DE&DEV_11E0&SUBSYS_05AB1028
PCI\VEN_10DE&DEV_11E0&SUBSYS_05AD1028
PCI\VEN_10DE&DEV_11E0&SUBSYS_05AE1028
PCI\VEN_10DE&DEV_11E0&SUBSYS_10E81462
PCI\VEN_10DE&DEV_11E0&SUBSYS_10ED1462
PCI\VEN_10DE&DEV_11E0&SUBSYS_1702172F
PCI\VEN_10DE&DEV_11E0&SUBSYS_213E1043
PCI\VEN_10DE&DEV_11E0&SUBSYS_21BB1043
PCI\VEN_10DE&DEV_11E0&SUBSYS_25521458
PCI\VEN_10DE&DEV_11E0&SUBSYS_51061558
PCI\VEN_10DE&DEV_11E0&SUBSYS_71041558
PCI\VEN_10DE&DEV_11E0&SUBSYS_880113FE
PCI\VEN_10DE&DEV_11E0&SUBSYS_A5521458
PCI\VEN_10DE&DEV_11E0&SUBSYS_FA761179
PCI\VEN_10DE&DEV_11E0&SUBSYS_FA771179"
GeForce GTX 775M,PCI\VEN_10DE&DEV_119D&SUBSYS_0120106B
GeForce GTX 780,"PCI\VEN_10DE&DEV_1004
PCI\VEN_10DE&DEV_1004&SUBSYS_104B10DE
PCI\VEN_10DE&DEV_1004&SUBSYS_105A10DE
PCI\VEN_10DE&DEV_1007"
GeForce GTX 780 Ti,"PCI\VEN_10DE&DEV_1008
PCI\VEN_10DE&DEV_100A"
GeForce GTX 780M,"PCI\VEN_10DE&DEV_119E&SUBSYS_0121106B
PCI\VEN_10DE&DEV_119F&SUBSYS_02701558
PCI\VEN_10DE&DEV_119F&SUBSYS_02711558
PCI\VEN_10DE&DEV_119F&SUBSYS_03761558
PCI\VEN_10DE&DEV_119F&SUBSYS_03771558
PCI\VEN_10DE&DEV_119F&SUBSYS_05AA1028
PCI\VEN_10DE&DEV_119F&SUBSYS_05AB1028
PCI\VEN_10DE&DEV_119F&SUBSYS_05AD1028
PCI\VEN_10DE&DEV_119F&SUBSYS_05AE1028
PCI\VEN_10DE&DEV_119F&SUBSYS_10EA1462
PCI\VEN_10DE&DEV_119F&SUBSYS_213E1043
PCI\VEN_10DE&DEV_119F&SUBSYS_21BB1043
PCI\VEN_10DE&DEV_119F&SUBSYS_51061558
PCI\VEN_10DE&DEV_119F&SUBSYS_71041558"
GeForce GTX 850A,PCI\VEN_10DE&DEV_1391&SUBSYS_369717AA
GeForce GTX 850M,"PCI\VEN_10DE&DEV_1391&SUBSYS_07811025
PCI\VEN_10DE&DEV_1391&SUBSYS_079B1025
PCI\VEN_10DE&DEV_1391&SUBSYS_079C1025
PCI\VEN_10DE&DEV_1391&SUBSYS_08161025
PCI\VEN_10DE&DEV_1391&SUBSYS_08591025
PCI\VEN_10DE&DEV_1391&SUBSYS_091C1025
PCI\VEN_10DE&DEV_1391&SUBSYS_091D1025
PCI\VEN_10DE&DEV_1391&SUBSYS_09631025"
GeForce GTX 860M,"PCI\VEN_10DE&DEV_1392&SUBSYS_091D1025
PCI\VEN_10DE&DEV_1392&SUBSYS_09261025"
GeForce GTX 870M,"PCI\VEN_10DE&DEV_1199&SUBSYS_03761558
PCI\VEN_10DE&DEV_1199&SUBSYS_1097152D
PCI\VEN_10DE&DEV_1199&SUBSYS_10FD1462
PCI\VEN_10DE&DEV_1199&SUBSYS_11031462
PCI\VEN_10DE&DEV_1199&SUBSYS_11061462
PCI\VEN_10DE&DEV_1199&SUBSYS_11101462
PCI\VEN_10DE&DEV_1199&SUBSYS_111A1462
PCI\VEN_10DE&DEV_1199&SUBSYS_14561458
PCI\VEN_10DE&DEV_1199&SUBSYS_157D1043
PCI\VEN_10DE&DEV_1199&SUBSYS_52811558
PCI\VEN_10DE&DEV_1199&SUBSYS_67491A58
PCI\VEN_10DE&DEV_1199&SUBSYS_74811558
PCI\VEN_10DE&DEV_1199&SUBSYS_A5521458
PCI\VEN_10DE&DEV_1199&SUBSYS_AF181462
PCI\VEN_10DE&DEV_1199&SUBSYS_B5561458"
GeForce GTX 880M,"PCI\VEN_10DE&DEV_1198&SUBSYS_157D1043
PCI\VEN_10DE&DEV_1198&SUBSYS_02701558
PCI\VEN_10DE&DEV_1198&SUBSYS_03761558
PCI\VEN_10DE&DEV_1198&SUBSYS_03771558
PCI\VEN_10DE&DEV_1198&SUBSYS_52811558
PCI\VEN_10DE&DEV_1198&SUBSYS_74811558
PCI\VEN_10DE&DEV_1198&SUBSYS_05AA1028
PCI\VEN_10DE&DEV_1198&SUBSYS_05AB1028
PCI\VEN_10DE&DEV_1198&SUBSYS_05AD1028
PCI\VEN_10DE&DEV_1198&SUBSYS_05AE1028
PCI\VEN_10DE&DEV_1198&SUBSYS_A5521458
PCI\VEN_10DE&DEV_1198&SUBSYS_D0011458
PCI\VEN_10DE&DEV_1198&SUBSYS_AF181462
PCI\VEN_10DE&DEV_1198&SUBSYS_110F1462
PCI\VEN_10DE&DEV_1198&SUBSYS_11191462
PCI\VEN_10DE&DEV_1198&SUBSYS_119A1462"
GeForce GTX 950,"PCI\VEN_10DE&DEV_1402
PCI\VEN_10DE&DEV_1402&SUBSYS_3376174B"
GeForce GTX 950A,"PCI\VEN_10DE&DEV_139A&SUBSYS_362C17AA
PCI\VEN_10DE&DEV_139A&SUBSYS_362F17AA
PCI\VEN_10DE&DEV_139A&SUBSYS_363F17AA
PCI\VEN_10DE&DEV_139A&SUBSYS_364017AA
PCI\VEN_10DE&DEV_139A&SUBSYS_364717AA
PCI\VEN_10DE&DEV_139A&SUBSYS_36B917AA"
GeForce GTX 950M,"PCI\VEN_10DE&DEV_139A&SUBSYS_091B1025
PCI\VEN_10DE&DEV_139A&SUBSYS_091D1025
PCI\VEN_10DE&DEV_139A&SUBSYS_09631025
PCI\VEN_10DE&DEV_139A&SUBSYS_09951025
PCI\VEN_10DE&DEV_139A&SUBSYS_10331025
PCI\VEN_10DE&DEV_139A&SUBSYS_10371025
PCI\VEN_10DE&DEV_139A&SUBSYS_103A1025
PCI\VEN_10DE&DEV_139A&SUBSYS_103B1025
PCI\VEN_10DE&DEV_139A&SUBSYS_108F1025
PCI\VEN_10DE&DEV_139A&SUBSYS_10941025
PCI\VEN_10DE&DEV_139A&SUBSYS_111A1025
PCI\VEN_10DE&DEV_139A&SUBSYS_111B1025
PCI\VEN_10DE&DEV_139A&SUBSYS_11341025"
GeForce GTX 960,"PCI\VEN_10DE&DEV_1401
PCI\VEN_10DE&DEV_1401&SUBSYS_113810DE
PCI\VEN_10DE&DEV_1401&SUBSYS_1376174B
PCI\VEN_10DE&DEV_1406"
GeForce GTX 960A,PCI\VEN_10DE&DEV_139B&SUBSYS_2B4C103C
GeForce GTX 960M,"PCI\VEN_10DE&DEV_139B&SUBSYS_091D1025
PCI\VEN_10DE&DEV_139B&SUBSYS_09261025
PCI\VEN_10DE&DEV_139B&SUBSYS_10331025
PCI\VEN_10DE&DEV_139B&SUBSYS_10391025
PCI\VEN_10DE&DEV_139B&SUBSYS_103B1025
PCI\VEN_10DE&DEV_139B&SUBSYS_104A1025"
GeForce GTX 965M,"PCI\VEN_10DE&DEV_13D9&SUBSYS_10511025
PCI\VEN_10DE&DEV_13D9&SUBSYS_105B1025
PCI\VEN_10DE&DEV_13D9&SUBSYS_107D1025
PCI\VEN_10DE&DEV_13D9&SUBSYS_107E1025
PCI\VEN_10DE&DEV_1427&SUBSYS_103A1025
PCI\VEN_10DE&DEV_1427&SUBSYS_103B1025"
GeForce GTX 970,"PCI\VEN_10DE&DEV_13C2
PCI\VEN_10DE&DEV_13C2&SUBSYS_113110DE
PCI\VEN_10DE&DEV_13C2&SUBSYS_1366174B"
GeForce GTX 970M,"PCI\VEN_10DE&DEV_13D8&SUBSYS_10511025
PCI\VEN_10DE&DEV_13D8&SUBSYS_105B1025
PCI\VEN_10DE&DEV_13D8&SUBSYS_107D1025
PCI\VEN_10DE&DEV_13D8&SUBSYS_107E1025"
GeForce GTX 980,"PCI\VEN_10DE&DEV_13C0
PCI\VEN_10DE&DEV_13C0&SUBSYS_111610DE
PCI\VEN_10DE&DEV_13C0&SUBSYS_1370174B
PCI\VEN_10DE&DEV_161A&SUBSYS_108B1025"
GeForce GTX 980 Ti,"PCI\VEN_10DE&DEV_17C8
PCI\VEN_10DE&DEV_17C8&SUBSYS_1394174B"
GeForce GTX 980M,"PCI\VEN_10DE&DEV_13D7
PCI\VEN_10DE&DEV_13D7&SUBSYS_10511025
PCI\VEN_10DE&DEV_13D7&SUBSYS_105B1025
PCI\VEN_10DE&DEV_13D7&SUBSYS_107D1025
PCI\VEN_10DE&DEV_13D7&SUBSYS_107E1025
PCI\VEN_10DE&DEV_1617&SUBSYS_108B1025"
GeForce GTX TITAN,PCI\VEN_10DE&DEV_1005
GeForce GTX TITAN Black,PCI\VEN_10DE&DEV_100C
GeForce GTX TITAN X,"PCI\VEN_10DE&DEV_17C2
PCI\VEN_10DE&DEV_17C2&SUBSYS_113210DE"
GeForce GTX TITAN Z,"PCI\VEN_10DE&DEV_1001
PCI\VEN_10DE&DEV_1001&SUBSYS_100110DE
PCI\VEN_10DE&DEV_1001&SUBSYS_107810DE"
GeForce MX110,"PCI\VEN_10DE&DEV_174E&SUBSYS_08521028 
PCI\VEN_10DE&DEV_174E&SUBSYS_08531028
PCI\VEN_10DE&DEV_174E&SUBSYS_10B11043 
PCI\VEN_10DE&DEV_174E&SUBSYS_10E11043 
PCI\VEN_10DE&DEV_174E&SUBSYS_10F11043 
PCI\VEN_10DE&DEV_174E&SUBSYS_11611043 
PCI\VEN_10DE&DEV_174E&SUBSYS_13611043 
PCI\VEN_10DE&DEV_174E&SUBSYS_171E1043 
PCI\VEN_10DE&DEV_174E&SUBSYS_174E1043 
PCI\VEN_10DE&DEV_174E&SUBSYS_176E1043 
PCI\VEN_10DE&DEV_174E&SUBSYS_177E1043 
PCI\VEN_10DE&DEV_174E&SUBSYS_18DE1043 
PCI\VEN_10DE&DEV_174E&SUBSYS_193E1043 
PCI\VEN_10DE&DEV_174E&SUBSYS_194E1043 
PCI\VEN_10DE&DEV_174E&SUBSYS_197E1043 
PCI\VEN_10DE&DEV_174E&SUBSYS_19CE1043
PCI\VEN_10DE&DEV_174E&SUBSYS_19DE1043 
PCI\VEN_10DE&DEV_174E&SUBSYS_19EE1043 
PCI\VEN_10DE&DEV_174E&SUBSYS_1A0E1043 
PCI\VEN_10DE&DEV_174E&SUBSYS_1F601043 
PCI\VEN_10DE&DEV_174E&SUBSYS_397817AA 
PCI\VEN_10DE&DEV_174E&SUBSYS_398B17AA 
PCI\VEN_10DE&DEV_174E&SUBSYS_39CC17AA 
PCI\VEN_10DE&DEV_174E&SUBSYS_8431103C 
PCI\VEN_10DE&DEV_174E&SUBSYS_8446103C 
PCI\VEN_10DE&DEV_174E&SUBSYS_8447103C 
PCI\VEN_10DE&DEV_174E&SUBSYS_84A5103C 
PCI\VEN_10DE&DEV_174E&SUBSYS_84A7103C 
PCI\VEN_10DE&DEV_174E&SUBSYS_84A9103C 
PCI\VEN_10DE&DEV_174E&SUBSYS_84AB103C
PCI\VEN_10DE&DEV_174E&SUBSYS_84DE103C"
GeForce MX130,"PCI\VEN_10DE&DEV_174D&SUBSYS_119A1025
PCI\VEN_10DE&DEV_174D&SUBSYS_12181025
PCI\VEN_10DE&DEV_174D&SUBSYS_121A1025
PCI\VEN_10DE&DEV_174D&SUBSYS_121F1025"
GeForce MX150,"PCI\VEN_10DE&DEV_1D10&SUBSYS_118D1025
PCI\VEN_10DE&DEV_1D10&SUBSYS_118E1025
PCI\VEN_10DE&DEV_1D10&SUBSYS_119A1025
PCI\VEN_10DE&DEV_1D10&SUBSYS_12181025
PCI\VEN_10DE&DEV_1D10&SUBSYS_121A1025
PCI\VEN_10DE&DEV_1D10&SUBSYS_121D1025
PCI\VEN_10DE&DEV_1D10&SUBSYS_121F1025
PCI\VEN_10DE&DEV_1D10&SUBSYS_12201025
PCI\VEN_10DE&DEV_1D12&SUBSYS_122B1025
PCI\VEN_10DE&DEV_1D10&SUBSYS_83FE103C "
GeForce PCX 4300,PCI\VEN_10DE&DEV_00FF
GeForce PCX 5300,PCI\VEN_10DE&DEV_00FC
GeForce PCX 5750,PCI\VEN_10DE&DEV_00FA
GeForce PCX 5900,PCI\VEN_10DE&DEV_00FB
GeForce RTX 2070,"PCI\VEN_10DE&DEV_1F02
PCI\VEN_10DE&DEV_1F07"
GeForce RTX 2080,"PCI\VEN_10DE&DEV_1E82
PCI\VEN_10DE&DEV_1E87"
GeForce RTX 2080 Ti,"PCI\VEN_10DE&DEV_1E04
PCI\VEN_10DE&DEV_1E07"
GeForce3,PCI\VEN_10DE&DEV_0200
GeForce3 Ti 200,PCI\VEN_10DE&DEV_0201
GeForce3 Ti 500,PCI\VEN_10DE&DEV_0202
GeForce4 MX 4000,PCI\VEN_10DE&DEV_0185
GeForce4 MX 420,PCI\VEN_10DE&DEV_0172
GeForce4 MX 420 with AGP8X,PCI\VEN_10DE&DEV_0183
GeForce4 MX 440,PCI\VEN_10DE&DEV_0171
GeForce4 MX 440 with AGP8X,PCI\VEN_10DE&DEV_0181
GeForce4 MX 440-SE,PCI\VEN_10DE&DEV_0173
GeForce4 MX 440SE with AGP8X,PCI\VEN_10DE&DEV_0182
GeForce4 MX 460,PCI\VEN_10DE&DEV_0170
GeForce4 MX Integrated GPU,PCI\VEN_10DE&DEV_01F0
GeForce4 Ti 4200,PCI\VEN_10DE&DEV_0253
GeForce4 Ti 4200 with AGP8X,PCI\VEN_10DE&DEV_0281
GeForce4 Ti 4400,PCI\VEN_10DE&DEV_0251
GeForce4 Ti 4600,PCI\VEN_10DE&DEV_0250
GeForce4 Ti 4800,PCI\VEN_10DE&DEV_0280
GeForce4 Ti 4800 SE,PCI\VEN_10DE&DEV_0282
GRID K1,PCI\VEN_10DE&DEV_0FF2
GRID K2,PCI\VEN_10DE&DEV_11BF
GRID K340,"PCI\VEN_10DE&DEV_0FEF
PCI\VEN_10DE&DEV_0FEF&SUBSYS_099810DE
PCI\VEN_10DE&DEV_0FEF&SUBSYS_101310DE"
GRID K520,"PCI\VEN_10DE&DEV_118A
PCI\VEN_10DE&DEV_118A&SUBSYS_100110DE
PCI\VEN_10DE&DEV_118A&SUBSYS_101410DE"
HICx16 + Graphics,"PCI\VEN_10DE&DEV_06FF
PCI\VEN_10DE&DEV_06FF&SUBSYS_071110DE"
HICx8 + Graphics,PCI\VEN_10DE&DEV_06FF&SUBSYS_071110DE
ION,"PCI\VEN_10DE&DEV_0865
PCI\VEN_10DE&DEV_0874
PCI\VEN_10DE&DEV_0876
PCI\VEN_10DE&DEV_087D
PCI\VEN_10DE&DEV_087D&SUBSYS_301D17AA
PCI\VEN_10DE&DEV_0A64
PCI\VEN_10DE&DEV_0A6E&SUBSYS_360717AA
PCI\VEN_10DE&DEV_0A70&SUBSYS_360517AA
PCI\VEN_10DE&DEV_0A70&SUBSYS_361717AA
PCI\VEN_10DE&DEV_0A73&SUBSYS_360717AA
PCI\VEN_10DE&DEV_0A73&SUBSYS_361017AA
PCI\VEN_10DE&DEV_0A75&SUBSYS_360517AA"
ION LE,"PCI\VEN_10DE&DEV_087E
PCI\VEN_10DE&DEV_087F"
nForce 730a,PCI\VEN_10DE&DEV_084A
nForce 750a SLI,PCI\VEN_10DE&DEV_084D
nForce 760i SLI,"PCI\VEN_10DE&DEV_0868
PCI\VEN_10DE&DEV_0868&SUBSYS_2A8B103C"
nForce 780a SLI,PCI\VEN_10DE&DEV_084C
nForce 980a/780a SLI,PCI\VEN_10DE&DEV_084C
NVS 300,"PCI\VEN_10DE&DEV_10D8
PCI\VEN_10DE&DEV_10D8&SUBSYS_0862103C
PCI\VEN_10DE&DEV_10D8&SUBSYS_086210DE"
NVS 310,"PCI\VEN_10DE&DEV_107D
PCI\VEN_10DE&DEV_107D&SUBSYS_094E103C"
NVS 315,"PCI\VEN_10DE&DEV_107C
PCI\VEN_10DE&DEV_107C&SUBSYS_102F10DE"
NVS 4200M,"PCI\VEN_10DE&DEV_1056&SUBSYS_04931028
PCI\VEN_10DE&DEV_1056&SUBSYS_04941028
PCI\VEN_10DE&DEV_1056&SUBSYS_04E41028
PCI\VEN_10DE&DEV_1056&SUBSYS_14931028
PCI\VEN_10DE&DEV_1056&SUBSYS_14941028
PCI\VEN_10DE&DEV_1056&SUBSYS_14E41028
PCI\VEN_10DE&DEV_1056&SUBSYS_163610CF
PCI\VEN_10DE&DEV_1056&SUBSYS_21D217AA
PCI\VEN_10DE&DEV_1056&SUBSYS_21D317AA
PCI\VEN_10DE&DEV_1057&SUBSYS_21CE17AA
PCI\VEN_10DE&DEV_1057&SUBSYS_21CF17AA
PCI\VEN_10DE&DEV_1057&SUBSYS_21D017AA
PCI\VEN_10DE&DEV_1057&SUBSYS_21D117AA
PCI\VEN_10DE&DEV_1057&SUBSYS_C0A6144D
PCI\VEN_10DE&DEV_1057&SUBSYS_C0AF144D
PCI\VEN_10DE&DEV_1057&SUBSYS_C0B0144D"
NVS 510,PCI\VEN_10DE&DEV_0FFD
NVS 5200M,"PCI\VEN_10DE&DEV_0DFC&SUBSYS_05341028
PCI\VEN_10DE&DEV_0DFC&SUBSYS_05351028
PCI\VEN_10DE&DEV_0DFC&SUBSYS_15341028
PCI\VEN_10DE&DEV_0DFC&SUBSYS_15351028
PCI\VEN_10DE&DEV_1140&SUBSYS_220017AA"
NVS 5400M,PCI\VEN_10DE&DEV_0DEF&SUBSYS_362B17AA
NVS 810,PCI\VEN_10DE&DEV_13B9
P104-100,PCI\VEN_10DE&DEV_1B87
P104-101,PCI\VEN_10DE&DEV_1BC7
P106-090,PCI\VEN_10DE&DEV_1C09
P106-100,PCI\VEN_10DE&DEV_1C07
Quadro 1000M,PCI\VEN_10DE&DEV_0DFA
Quadro 2000,PCI\VEN_10DE&DEV_0DD8
Quadro 2000D,PCI\VEN_10DE&DEV_0DD8&SUBSYS_091410DE
Quadro 2000M,PCI\VEN_10DE&DEV_0DDA&SUBSYS_1631103C
Quadro 3000M,PCI\VEN_10DE&DEV_0E3A
Quadro 400,"PCI\VEN_10DE&DEV_0A38
PCI\VEN_10DE&DEV_0A38&SUBSYS_089310DE"
Quadro 4000,PCI\VEN_10DE&DEV_06DD
Quadro 4000M,PCI\VEN_10DE&DEV_0E3B
Quadro 410,"PCI\VEN_10DE&DEV_0FFF
PCI\VEN_10DE&DEV_0FFF&SUBSYS_094A10DE"
Quadro 5000,PCI\VEN_10DE&DEV_06D9
Quadro 5000M,PCI\VEN_10DE&DEV_06DA&SUBSYS_1520103C
Quadro 500M,PCI\VEN_10DE&DEV_0DF9
Quadro 5010M,"PCI\VEN_10DE&DEV_109A&SUBSYS_02701558
PCI\VEN_10DE&DEV_109A&SUBSYS_04A41028
PCI\VEN_10DE&DEV_109A&SUBSYS_14A41028
PCI\VEN_10DE&DEV_109A&SUBSYS_1630103C
PCI\VEN_10DE&DEV_109A&SUBSYS_175410CF
PCI\VEN_10DE&DEV_109A&SUBSYS_51021558
PCI\VEN_10DE&DEV_109A&SUBSYS_51051558
PCI\VEN_10DE&DEV_109A&SUBSYS_71001558
PCI\VEN_10DE&DEV_109A&SUBSYS_71021558
PCI\VEN_10DE&DEV_109A&SUBSYS_72001558"
Quadro 600,"PCI\VEN_10DE&DEV_0DF8
PCI\VEN_10DE&DEV_0DF8&SUBSYS_083510DE"
Quadro 6000,"PCI\VEN_10DE&DEV_06D8
PCI\VEN_10DE&DEV_06DC"
Quadro 7000,"PCI\VEN_10DE&DEV_109B
PCI\VEN_10DE&DEV_109B&SUBSYS_091810DE"
Quadro CX,PCI\VEN_10DE&DEV_05F9
Quadro DCC,PCI\VEN_10DE&DEV_0203
Quadro FX 1000,PCI\VEN_10DE&DEV_0309
Quadro FX 1100,PCI\VEN_10DE&DEV_034E
Quadro FX 1300,PCI\VEN_10DE&DEV_00FE
Quadro FX 1400,PCI\VEN_10DE&DEV_00CE
Quadro FX 1500,PCI\VEN_10DE&DEV_029E
Quadro FX 1600M,"PCI\VEN_10DE&DEV_040D
PCI\VEN_10DE&DEV_040D&SUBSYS_2052161F
PCI\VEN_10DE&DEV_040D&SUBSYS_30C3103C"
Quadro FX 1700,PCI\VEN_10DE&DEV_040F
Quadro FX 1700M,PCI\VEN_10DE&DEV_065A&SUBSYS_02501028
Quadro FX 1800,PCI\VEN_10DE&DEV_0638
Quadro FX 2000,PCI\VEN_10DE&DEV_0308
Quadro FX 2700M,"PCI\VEN_10DE&DEV_063A
PCI\VEN_10DE&DEV_063A&SUBSYS_019B1028
PCI\VEN_10DE&DEV_063A&SUBSYS_02511028
PCI\VEN_10DE&DEV_063A&SUBSYS_02EF1028
PCI\VEN_10DE&DEV_063A&SUBSYS_04811558
PCI\VEN_10DE&DEV_063A&SUBSYS_08601558
PCI\VEN_10DE&DEV_063A&SUBSYS_09021558
PCI\VEN_10DE&DEV_063A&SUBSYS_211917AA
PCI\VEN_10DE&DEV_063A&SUBSYS_212417AA
PCI\VEN_10DE&DEV_063A&SUBSYS_30EC103C"
Quadro FX 2800M,PCI\VEN_10DE&DEV_061D
Quadro FX 3000,PCI\VEN_10DE&DEV_0338
Quadro FX 3400/4400,PCI\VEN_10DE&DEV_00F8
Quadro FX 3450/4000 SDI,PCI\VEN_10DE&DEV_00CD
Quadro FX 350,PCI\VEN_10DE&DEV_01DE
Quadro FX 3500,PCI\VEN_10DE&DEV_029D
Quadro FX 3600M,PCI\VEN_10DE&DEV_061C
Quadro FX 360M,"PCI\VEN_10DE&DEV_042D
PCI\VEN_10DE&DEV_042D&SUBSYS_019B1028
PCI\VEN_10DE&DEV_042D&SUBSYS_01FF1028
PCI\VEN_10DE&DEV_042D&SUBSYS_024A1028
PCI\VEN_10DE&DEV_042D&SUBSYS_024B1028"
Quadro FX 370,PCI\VEN_10DE&DEV_040A
Quadro FX 370 LP,"PCI\VEN_10DE&DEV_06F9
PCI\VEN_10DE&DEV_06F9&SUBSYS_060D10DE"
Quadro FX 3700,PCI\VEN_10DE&DEV_061A
Quadro FX 3700M,"PCI\VEN_10DE&DEV_061E
PCI\VEN_10DE&DEV_061E&SUBSYS_019C1028
PCI\VEN_10DE&DEV_061E&SUBSYS_02511028
PCI\VEN_10DE&DEV_061E&SUBSYS_02EF1028
PCI\VEN_10DE&DEV_061E&SUBSYS_04811558
PCI\VEN_10DE&DEV_061E&SUBSYS_0539103C
PCI\VEN_10DE&DEV_061E&SUBSYS_05731558
PCI\VEN_10DE&DEV_061E&SUBSYS_08601558
PCI\VEN_10DE&DEV_061E&SUBSYS_09021558
PCI\VEN_10DE&DEV_061E&SUBSYS_211817AA
PCI\VEN_10DE&DEV_061E&SUBSYS_212517AA"
Quadro FX 370M,PCI\VEN_10DE&DEV_06FB
Quadro FX 380,PCI\VEN_10DE&DEV_0658
Quadro FX 380 LP,"PCI\VEN_10DE&DEV_0A78
PCI\VEN_10DE&DEV_0A78&SUBSYS_074610DE"
Quadro FX 3800,PCI\VEN_10DE&DEV_05FF
Quadro FX 4000,PCI\VEN_10DE&DEV_004E
Quadro FX 4500,PCI\VEN_10DE&DEV_009D
Quadro FX 4500 X2,PCI\VEN_10DE&DEV_029F
Quadro FX 4600,PCI\VEN_10DE&DEV_019E
Quadro FX 470,PCI\VEN_10DE&DEV_087A
Quadro FX 4700 X2,PCI\VEN_10DE&DEV_0619
Quadro FX 4800,PCI\VEN_10DE&DEV_05FE
Quadro FX 500/FX 600,PCI\VEN_10DE&DEV_032B
Quadro FX 540,PCI\VEN_10DE&DEV_014E
Quadro FX 540M,PCI\VEN_10DE&DEV_014C
Quadro FX 550,PCI\VEN_10DE&DEV_014D
Quadro FX 5500,PCI\VEN_10DE&DEV_029C
Quadro FX 560,PCI\VEN_10DE&DEV_039E
Quadro FX 5600,PCI\VEN_10DE&DEV_019D
Quadro FX 570,PCI\VEN_10DE&DEV_040E
Quadro FX 570M,"PCI\VEN_10DE&DEV_040C
PCI\VEN_10DE&DEV_040C&SUBSYS_20D917AA
PCI\VEN_10DE&DEV_040C&SUBSYS_30C5103C"
Quadro FX 580,PCI\VEN_10DE&DEV_0659
Quadro FX 5800,PCI\VEN_10DE&DEV_05FD
Quadro FX 700,PCI\VEN_10DE&DEV_033F
Quadro FX 770M,PCI\VEN_10DE&DEV_065C
Quadro FX 880M,PCI\VEN_10DE&DEV_0A3C
Quadro GP100,PCI\VEN_10DE&DEV_15F0
Quadro GV100,PCI\VEN_10DE&DEV_1DBA
Quadro K1000M,PCI\VEN_10DE&DEV_0FFC&SUBSYS_176B103C
Quadro K1100M,"PCI\VEN_10DE&DEV_0FF6&SUBSYS_1909103C
PCI\VEN_10DE&DEV_0FF6&SUBSYS_190A103C
PCI\VEN_10DE&DEV_0FF6&SUBSYS_197A103C
PCI\VEN_10DE&DEV_0FF6&SUBSYS_197B103C
PCI\VEN_10DE&DEV_0FF6&SUBSYS_2253103C
PCI\VEN_10DE&DEV_0FF6&SUBSYS_2254103C
PCI\VEN_10DE&DEV_0FF6&SUBSYS_2255103C
PCI\VEN_10DE&DEV_0FF6&SUBSYS_2256103C"
Quadro K1200,PCI\VEN_10DE&DEV_13BC
Quadro K2000,PCI\VEN_10DE&DEV_0FFE
Quadro K2000D,PCI\VEN_10DE&DEV_0FF9
Quadro K2000M,PCI\VEN_10DE&DEV_0FFB&SUBSYS_176B103C
Quadro K2100M,"PCI\VEN_10DE&DEV_11FC
PCI\VEN_10DE&DEV_11FC&SUBSYS_1909103C
PCI\VEN_10DE&DEV_11FC&SUBSYS_197B103C
PCI\VEN_10DE&DEV_11FC&SUBSYS_2253103C
PCI\VEN_10DE&DEV_11FC&SUBSYS_2254103C"
Quadro K2200,PCI\VEN_10DE&DEV_13BA
Quadro K2200M,"PCI\VEN_10DE&DEV_13B3&SUBSYS_2255103C
PCI\VEN_10DE&DEV_13B3&SUBSYS_2256103C"
Quadro K3000M,"PCI\VEN_10DE&DEV_11BE
PCI\VEN_10DE&DEV_11BE&SUBSYS_176C103C"
Quadro K3100M,"PCI\VEN_10DE&DEV_11B6
PCI\VEN_10DE&DEV_11B6&SUBSYS_190A103C
PCI\VEN_10DE&DEV_11B6&SUBSYS_197A103C
PCI\VEN_10DE&DEV_11B6&SUBSYS_2255103C
PCI\VEN_10DE&DEV_11B6&SUBSYS_2256103C"
Quadro K4000,PCI\VEN_10DE&DEV_11FA
Quadro K4000M,"PCI\VEN_10DE&DEV_11BD
PCI\VEN_10DE&DEV_11BD&SUBSYS_176C103C"
Quadro K4100M,"PCI\VEN_10DE&DEV_11B7
PCI\VEN_10DE&DEV_11B7&SUBSYS_190A103C
PCI\VEN_10DE&DEV_11B7&SUBSYS_197A103C
PCI\VEN_10DE&DEV_11B7&SUBSYS_2255103C
PCI\VEN_10DE&DEV_11B7&SUBSYS_2256103C"
Quadro K420,PCI\VEN_10DE&DEV_0FF3
Quadro K4200,PCI\VEN_10DE&DEV_11B4
Quadro K5000,PCI\VEN_10DE&DEV_11BA
Quadro K5000M,"PCI\VEN_10DE&DEV_11BC
PCI\VEN_10DE&DEV_11BC&SUBSYS_176C103C"
Quadro K500M,PCI\VEN_10DE&DEV_0FF8&SUBSYS_176A10CF
Quadro K5100M,"PCI\VEN_10DE&DEV_11B8&SUBSYS_190A103C 
PCI\VEN_10DE&DEV_11B8&SUBSYS_197A103C
PCI\VEN_10DE&DEV_11B8&SUBSYS_2255103C
PCI\VEN_10DE&DEV_11B8&SUBSYS_2256103C"
Quadro K510M,PCI\VEN_10DE&DEV_12BA&SUBSYS_17ED10CF
Quadro K5200,PCI\VEN_10DE&DEV_103C
Quadro K600,PCI\VEN_10DE&DEV_0FFA
Quadro K6000,PCI\VEN_10DE&DEV_103A
Quadro K610M,"PCI\VEN_10DE&DEV_12B9
PCI\VEN_10DE&DEV_12B9&SUBSYS_1909103C
PCI\VEN_10DE&DEV_12B9&SUBSYS_190A103C
PCI\VEN_10DE&DEV_12B9&SUBSYS_197A103C
PCI\VEN_10DE&DEV_12B9&SUBSYS_197B103C
PCI\VEN_10DE&DEV_12B9&SUBSYS_2253103C
PCI\VEN_10DE&DEV_12B9&SUBSYS_2254103C"
Quadro K620,PCI\VEN_10DE&DEV_13BB
Quadro K620M,PCI\VEN_10DE&DEV_137A&SUBSYS_222517AA
Quadro M1000M,"PCI\VEN_10DE&DEV_13B1&SUBSYS_80D4103C
PCI\VEN_10DE&DEV_13B1&SUBSYS_80D5103C
PCI\VEN_10DE&DEV_13B1&SUBSYS_80D6103C
PCI\VEN_10DE&DEV_13B1&SUBSYS_8108103C
PCI\VEN_10DE&DEV_13B1&SUBSYS_8109103C
PCI\VEN_10DE&DEV_13B1&SUBSYS_810A103C"
Quadro M1200,"PCI\VEN_10DE&DEV_13B6
PCI\VEN_10DE&DEV_13B6&SUBSYS_826B103C
PCI\VEN_10DE&DEV_13B6&SUBSYS_826D103C
PCI\VEN_10DE&DEV_13B6&SUBSYS_8270103C
PCI\VEN_10DE&DEV_13B6&SUBSYS_8272103C
PCI\VEN_10DE&DEV_13B6&SUBSYS_8275103C
PCI\VEN_10DE&DEV_13B6&SUBSYS_8277103C"
Quadro M2000,PCI\VEN_10DE&DEV_1430
Quadro M2000M,"PCI\VEN_10DE&DEV_13B0&SUBSYS_80D5103C
PCI\VEN_10DE&DEV_13B0&SUBSYS_80D6103C
PCI\VEN_10DE&DEV_13B0&SUBSYS_8109103C
PCI\VEN_10DE&DEV_13B0&SUBSYS_810A103C"
Quadro M2200,"PCI\VEN_10DE&DEV_1436
PCI\VEN_10DE&DEV_1436&SUBSYS_8270103C
PCI\VEN_10DE&DEV_1436&SUBSYS_8272103C
PCI\VEN_10DE&DEV_1436&SUBSYS_8275103C
PCI\VEN_10DE&DEV_1436&SUBSYS_8277103C"
Quadro M3000 SE,PCI\VEN_10DE&DEV_13FA&SUBSYS_11C910DE
Quadro M3000M,"PCI\VEN_10DE&DEV_13FA&SUBSYS_80D6103C
PCI\VEN_10DE&DEV_13FA&SUBSYS_8109103C"
Quadro M4000,PCI\VEN_10DE&DEV_13F1
Quadro M4000M,"PCI\VEN_10DE&DEV_13F9&SUBSYS_80D6103C
PCI\VEN_10DE&DEV_13F9&SUBSYS_8109103C"
Quadro M5000,PCI\VEN_10DE&DEV_13F0
Quadro M5000 SE,PCI\VEN_10DE&DEV_13F8&SUBSYS_11DD10DE
Quadro M5000M,"PCI\VEN_10DE&DEV_13F8&SUBSYS_80D6103C
PCI\VEN_10DE&DEV_13F8&SUBSYS_8109103C"
Quadro M500M,"PCI\VEN_10DE&DEV_137A&SUBSYS_223217AA
PCI\VEN_10DE&DEV_137A&SUBSYS_505A17AA"
Quadro M520,PCI\VEN_10DE&DEV_137B&SUBSYS_224817AA
Quadro M5500,PCI\VEN_10DE&DEV_13FB&SUBSYS_11B01462
Quadro M6000,PCI\VEN_10DE&DEV_17F0
Quadro M6000 24GB,PCI\VEN_10DE&DEV_17F1
Quadro M600M,"PCI\VEN_10DE&DEV_13B2&SUBSYS_80D5103C
PCI\VEN_10DE&DEV_13B2&SUBSYS_810A103C"
Quadro M620,"PCI\VEN_10DE&DEV_13B4
PCI\VEN_10DE&DEV_13B4&SUBSYS_824C103C
PCI\VEN_10DE&DEV_13B4&SUBSYS_824D103C
PCI\VEN_10DE&DEV_13B4&SUBSYS_8275103C
PCI\VEN_10DE&DEV_13B4&SUBSYS_8277103C"
Quadro NVS,PCI\VEN_10DE&DEV_017A
Quadro NVS 120M,PCI\VEN_10DE&DEV_01DB
Quadro NVS 130M,"PCI\VEN_10DE&DEV_042A
PCI\VEN_10DE&DEV_042A&SUBSYS_00011179
PCI\VEN_10DE&DEV_042A&SUBSYS_00021179"
Quadro NVS 135M,"PCI\VEN_10DE&DEV_042B
PCI\VEN_10DE&DEV_042B&SUBSYS_019C1028
PCI\VEN_10DE&DEV_042B&SUBSYS_01F91028
PCI\VEN_10DE&DEV_042B&SUBSYS_01FE1028"
Quadro NVS 140M,"PCI\VEN_10DE&DEV_0429
PCI\VEN_10DE&DEV_0429&SUBSYS_01FE1028
PCI\VEN_10DE&DEV_0429&SUBSYS_20D817AA"
Quadro NVS 150M,"PCI\VEN_10DE&DEV_06EA
PCI\VEN_10DE&DEV_06EA&SUBSYS_00011179
PCI\VEN_10DE&DEV_06EA&SUBSYS_00021179"
Quadro NVS 160M,"PCI\VEN_10DE&DEV_06EB
PCI\VEN_10DE&DEV_06EB&SUBSYS_00011179
PCI\VEN_10DE&DEV_06EB&SUBSYS_02331028
PCI\VEN_10DE&DEV_06EB&SUBSYS_024F1028
PCI\VEN_10DE&DEV_06EB&SUBSYS_3A2517AA"
Quadro NVS 210S / NVIDIA GeForce 6150LE,PCI\VEN_10DE&DEV_0245
Quadro NVS 280 SD,PCI\VEN_10DE&DEV_018A
Quadro NVS 285,PCI\VEN_10DE&DEV_0165
Quadro NVS 290,"PCI\VEN_10DE&DEV_042F
PCI\VEN_10DE&DEV_042F&SUBSYS_049210DE"
Quadro NVS 295,"PCI\VEN_10DE&DEV_06FD
PCI\VEN_10DE&DEV_06FD&SUBSYS_062E10DE"
Quadro NVS 320M,PCI\VEN_10DE&DEV_040B&SUBSYS_30C3103C
Quadro NVS 420,PCI\VEN_10DE&DEV_06F8
Quadro NVS 440,PCI\VEN_10DE&DEV_014A
Quadro NVS 450,PCI\VEN_10DE&DEV_06FA
Quadro NVS 50 PCI,PCI\VEN_10DE&DEV_018C
Quadro NVS 55/280 PCI,PCI\VEN_10DE&DEV_032A
Quadro P1000,PCI\VEN_10DE&DEV_1CB1
Quadro P2000,PCI\VEN_10DE&DEV_1C30
Quadro P2000 with Max-Q Design,"PCI\VEN_10DE&DEV_1CBA&SUBSYS_226617AA
PCI\VEN_10DE&DEV_1CBA&SUBSYS_226717AA"
Quadro P3000,"PCI\VEN_10DE&DEV_1BB8&SUBSYS_11B410DE
PCI\VEN_10DE&DEV_1BB8&SUBSYS_8270103C
PCI\VEN_10DE&DEV_1BB8&SUBSYS_8272103C"
Quadro P3200,"PCI\VEN_10DE&DEV_1BBB&SUBSYS_12151462
PCI\VEN_10DE&DEV_1BBB&SUBSYS_12261462"
Quadro P3200 with Max-Q Design,"PCI\VEN_10DE&DEV_1BBB&SUBSYS_225F17AA
PCI\VEN_10DE&DEV_1BBB&SUBSYS_226217AA"
Quadro P400,PCI\VEN_10DE&DEV_1CB3
Quadro P4000,"PCI\VEN_10DE&DEV_1BB1
PCI\VEN_10DE&DEV_1BB7&SUBSYS_8270103C
PCI\VEN_10DE&DEV_1BB7&SUBSYS_8272103C"
Quadro P4000 with Max-Q Design,"PCI\VEN_10DE&DEV_1BB7&SUBSYS_11E91462
PCI\VEN_10DE&DEV_1BB7&SUBSYS_95011558"
Quadro P4200,PCI\VEN_10DE&DEV_1BB9&SUBSYS_12261462
Quadro P4200 with Max-Q Design,"PCI\VEN_10DE&DEV_1BB9&SUBSYS_226817AA
PCI\VEN_10DE&DEV_1BB9&SUBSYS_226917AA"
Quadro P500,PCI\VEN_10DE&DEV_1D33&SUBSYS_225B17AA
Quadro P5000,"PCI\VEN_10DE&DEV_1BB0
PCI\VEN_10DE&DEV_1BB6&SUBSYS_11B410DE
PCI\VEN_10DE&DEV_1BB6&SUBSYS_8270103C
PCI\VEN_10DE&DEV_1BB6&SUBSYS_8272103C"
Quadro P5200,PCI\VEN_10DE&DEV_1BB5&SUBSYS_8376103C
Quadro P5200 with Max-Q Design,"PCI\VEN_10DE&DEV_1BB5&SUBSYS_226817AA
PCI\VEN_10DE&DEV_1BB5&SUBSYS_226917AA"
Quadro P600,PCI\VEN_10DE&DEV_1CB2
Quadro P6000,PCI\VEN_10DE&DEV_1B30
Quadro P620,PCI\VEN_10DE&DEV_1CB6
Quadro PCI-E Series,PCI\VEN_10DE&DEV_00FD
Quadro RTX 5000,PCI\VEN_10DE&DEV_1EB0
Quadro RTX 6000,PCI\VEN_10DE&DEV_1E30
Quadro VX 200,PCI\VEN_10DE&DEV_061B
Quadro2 MXR/EX,PCI\VEN_10DE&DEV_0113
Quadro4 380 XGL,PCI\VEN_10DE&DEV_018B
Quadro4 550 XGL,PCI\VEN_10DE&DEV_0178
Quadro4 580 XGL,PCI\VEN_10DE&DEV_0188
Quadro4 700 XGL,PCI\VEN_10DE&DEV_025B
Quadro4 750 XGL,PCI\VEN_10DE&DEV_0259
Quadro4 780 XGL,PCI\VEN_10DE&DEV_0289
Quadro4 900 XGL,PCI\VEN_10DE&DEV_0258
Quadro4 980 XGL,PCI\VEN_10DE&DEV_0288
Tesla C1060,"PCI\VEN_10DE&DEV_05E7
PCI\VEN_10DE&DEV_05E7&SUBSYS_066A10DE"
Tesla C2050,"PCI\VEN_10DE&DEV_06D1&SUBSYS_077110DE
PCI\VEN_10DE&DEV_1096&SUBSYS_091110DE"
Tesla C2050 / C2070,PCI\VEN_10DE&DEV_06D1
Tesla C2070,"PCI\VEN_10DE&DEV_06D1&SUBSYS_077210DE
PCI\VEN_10DE&DEV_06D2
PCI\VEN_10DE&DEV_06D2&SUBSYS_077410DE
PCI\VEN_10DE&DEV_06D2&SUBSYS_083010DE
PCI\VEN_10DE&DEV_06D2&SUBSYS_084210DE
PCI\VEN_10DE&DEV_06D2&SUBSYS_090810DE"
Tesla C2075,"PCI\VEN_10DE&DEV_1096
PCI\VEN_10DE&DEV_1096&SUBSYS_091010DE"
Tesla C870,PCI\VEN_10DE&DEV_0197
Tesla K10,PCI\VEN_10DE&DEV_118F
Tesla K20c,PCI\VEN_10DE&DEV_1022
Tesla K20m,PCI\VEN_10DE&DEV_1028
Tesla K20s,PCI\VEN_10DE&DEV_1026
Tesla K20Xm,PCI\VEN_10DE&DEV_1021
Tesla K40c,PCI\VEN_10DE&DEV_1024
Tesla K40m,PCI\VEN_10DE&DEV_1023
Tesla K40s,PCI\VEN_10DE&DEV_1029
Tesla K40st,PCI\VEN_10DE&DEV_1027
Tesla K40t,PCI\VEN_10DE&DEV_102A
Tesla K8,PCI\VEN_10DE&DEV_1194
Tesla K80,PCI\VEN_10DE&DEV_102D
Tesla M1060,"PCI\VEN_10DE&DEV_05E7&SUBSYS_069710DE
PCI\VEN_10DE&DEV_05E7&SUBSYS_071410DE
PCI\VEN_10DE&DEV_05E7&SUBSYS_074310DE"
Tesla M2050,"PCI\VEN_10DE&DEV_06DE&SUBSYS_082F10DE
PCI\VEN_10DE&DEV_06DE&SUBSYS_084210DE
PCI\VEN_10DE&DEV_06DE&SUBSYS_084610DE
PCI\VEN_10DE&DEV_06DE&SUBSYS_086610DE
PCI\VEN_10DE&DEV_06DE&SUBSYS_090710DE
PCI\VEN_10DE&DEV_06DE&SUBSYS_091E10DE"
Tesla M2070,"PCI\VEN_10DE&DEV_06D2
PCI\VEN_10DE&DEV_06D2&SUBSYS_077410DE
PCI\VEN_10DE&DEV_06D2&SUBSYS_083010DE
PCI\VEN_10DE&DEV_06D2&SUBSYS_084210DE
PCI\VEN_10DE&DEV_06D2&SUBSYS_090810DE"
Tesla M2070-Q,"PCI\VEN_10DE&DEV_06DF
PCI\VEN_10DE&DEV_06DF&SUBSYS_084D10DE
PCI\VEN_10DE&DEV_06DF&SUBSYS_087F10DE"
Tesla M2075,"PCI\VEN_10DE&DEV_1094
PCI\VEN_10DE&DEV_1094&SUBSYS_088810DE"
Tesla M2090,"PCI\VEN_10DE&DEV_1091
PCI\VEN_10DE&DEV_1091&SUBSYS_088710DE"
Tesla M4,PCI\VEN_10DE&DEV_1431&SUBSYS_119310DE
Tesla M40,PCI\VEN_10DE&DEV_17FD&SUBSYS_117110DE
Tesla M40 24GB,PCI\VEN_10DE&DEV_17FD&SUBSYS_117310DE
Tesla M6,PCI\VEN_10DE&DEV_13F3&SUBSYS_114310DE
Tesla M60,"PCI\VEN_10DE&DEV_13F2&SUBSYS_113A10DE
PCI\VEN_10DE&DEV_13F2&SUBSYS_115E10DE
PCI\VEN_10DE&DEV_13F2&SUBSYS_115F10DE"
Tesla P100-PCIE-12GB,PCI\VEN_10DE&DEV_15F7&SUBSYS_11DA10DE
Tesla P100-PCIE-16GB,PCI\VEN_10DE&DEV_15F8&SUBSYS_118F10DE
Tesla P100-SXM2-16GB,PCI\VEN_10DE&DEV_15F9&SUBSYS_116B10DE
Tesla P4,"PCI\VEN_10DE&DEV_1BB3&SUBSYS_11D810DE
PCI\VEN_10DE&DEV_1BB3&SUBSYS_11E010DE"
Tesla P40,PCI\VEN_10DE&DEV_1B38&SUBSYS_11D910DE
Tesla P6,PCI\VEN_10DE&DEV_1BB4&SUBSYS_11C610DE
Tesla S2050,PCI\VEN_10DE&DEV_06DE&SUBSYS_077310DE
Tesla T10 Processor,"PCI\VEN_10DE&DEV_05E7&SUBSYS_059510DE
PCI\VEN_10DE&DEV_05E7&SUBSYS_068F10DE"
Tesla T20 Processor,PCI\VEN_10DE&DEV_06DE
Tesla T4,PCI\VEN_10DE&DEV_1EB8&SUBSYS_12A210DE
Tesla V100-FHHL-16GB,PCI\VEN_10DE&DEV_1DB3&SUBSYS_121510DE
Tesla V100-PCIE-16GB,PCI\VEN_10DE&DEV_1DB4&SUBSYS_121410DE
Tesla V100-PCIE-32GB,PCI\VEN_10DE&DEV_1DB6&SUBSYS_124A10DE
Tesla V100-SXM2-16GB,PCI\VEN_10DE&DEV_1DB1&SUBSYS_121210DE
Tesla V100-SXM2-32GB,PCI\VEN_10DE&DEV_1DB5&SUBSYS_124910DE
Tesla X2070,"PCI\VEN_10DE&DEV_06D2&SUBSYS_088F10DE
PCI\VEN_10DE&DEV_06DE&SUBSYS_084010DE"
Tesla X2090,"PCI\VEN_10DE&DEV_1091&SUBSYS_088E10DE
PCI\VEN_10DE&DEV_1091&SUBSYS_089110DE"
TITAN V,PCI\VEN_10DE&DEV_1D81
TITAN V JHH Special Edition,PCI\VEN_10DE&DEV_1DBA&SUBSYS_12EB10DE
TITAN X (Pascal),PCI\VEN_10DE&DEV_1B00
TITAN Xp,PCI\VEN_10DE&DEV_1B02
TITAN Xp COLLECTORS EDITION,"PCI\VEN_10DE&DEV_1B02&SUBSYS_123E10DE
PCI\VEN_10DE&DEV_1B02&SUBSYS_123F10DE"
